time_s;steps;displacement_mm;force_raw;force_N;accel_x;accel_y;accel_z;endstop;step_loss
290.162;1;0.0050;372;0.082;-2;125;-24;1;0
290.262;1;0.0050;-820;-0.182;-1;125;-25;1;0
290.362;2;0.0100;-68;-0.015;-1;124;-25;1;0
290.462;2;0.0100;1195;0.265;-2;125;-23;1;0
290.562;3;0.0150;-258;-0.057;-2;124;-24;1;0
290.662;4;0.0200;2494;0.553;-2;125;-24;1;0
290.762;4;0.0200;1534;0.340;-1;124;-24;1;0
290.862;5;0.0250;58;0.013;-1;124;-25;1;0
290.962;6;0.0300;646;0.143;-1;125;-24;1;0
291.062;6;0.0300;972;0.215;-1;124;-25;1;0
291.162;7;0.0350;1026;0.227;-2;125;-25;1;0
291.262;8;0.0400;1628;0.361;-2;125;-25;1;0
291.362;8;0.0400;2152;0.477;-2;124;-25;1;0
291.462;9;0.0450;1318;0.292;-3;125;-25;1;0
291.562;10;0.0500;1743;0.386;-1;126;-26;1;0
291.662;10;0.0500;1511;0.335;-2;124;-25;1;0
291.762;11;0.0550;1775;0.394;-1;124;-26;1;0
291.862;12;0.0600;1860;0.412;-2;125;-25;1;0
291.962;12;0.0600;2734;0.606;-2;125;-26;1;0
292.062;13;0.0650;4359;0.966;-1;124;-25;1;0
292.162;14;0.0700;4392;0.974;-2;125;-25;1;0
292.262;14;0.0700;3727;0.826;-1;125;-25;1;0
292.362;15;0.0750;3149;0.698;-2;124;-25;1;0
292.462;16;0.0800;3223;0.715;-2;125;-26;1;0
292.562;16;0.0800;3472;0.770;-2;125;-25;1;0
292.662;17;0.0850;3805;0.844;-1;125;-24;1;0
292.762;18;0.0900;4159;0.922;-2;125;-26;1;0
292.862;18;0.0900;4643;1.029;-1;125;-25;1;0
292.962;19;0.0950;4591;1.018;-1;125;-25;1;0
293.062;20;0.1000;2712;0.601;-1;124;-25;1;0
293.163;20;0.1000;1981;0.439;-2;125;-25;1;0
293.263;21;0.1050;3822;0.847;-2;124;-24;1;0
293.363;22;0.1100;4560;1.011;-1;125;-26;1;0
293.463;22;0.1100;5689;1.261;-2;125;-24;1;0
293.563;23;0.1150;4974;1.103;-2;124;-24;1;0
293.663;24;0.1200;5123;1.136;-2;125;-25;1;0
293.763;24;0.1200;4741;1.051;-2;125;-25;1;0
293.863;25;0.1250;4236;0.939;-2;125;-24;1;0
293.963;26;0.1300;3194;0.708;-1;125;-25;1;0
294.063;26;0.1300;4139;0.918;-1;125;-23;1;0
294.163;27;0.1350;5719;1.268;-1;125;-25;1;0
294.263;28;0.1400;4046;0.897;-2;125;-26;1;0
294.363;28;0.1400;4029;0.893;-1;125;-24;1;0
294.463;29;0.1450;4600;1.020;-1;124;-25;1;0
294.563;30;0.1500;4902;1.087;-2;125;-25;1;0
294.663;30;0.1500;5468;1.212;-2;125;-25;1;0
294.763;31;0.1550;4873;1.080;0;124;-25;1;0
294.863;32;0.1600;6475;1.436;-2;125;-24;1;0
294.963;32;0.1600;6153;1.364;-1;125;-25;1;0
295.063;33;0.1650;6689;1.483;-2;125;-24;1;0
295.163;34;0.1700;7672;1.701;-1;125;-25;1;0
295.263;34;0.1700;8099;1.796;-2;125;-25;1;0
295.363;35;0.1750;6571;1.457;-1;125;-25;1;0
295.463;36;0.1800;9128;2.024;-2;125;-25;1;0
295.563;36;0.1800;7447;1.651;-1;124;-26;1;0
295.663;37;0.1850;7857;1.742;-2;125;-24;1;0
295.763;38;0.1900;8935;1.981;-2;125;-24;1;0
295.863;38;0.1900;10024;2.222;-2;125;-25;1;0
295.963;39;0.1950;10367;2.298;-2;125;-25;1;0
296.064;40;0.2000;10653;2.362;-2;125;-25;1;0
296.164;40;0.2000;11600;2.572;-2;126;-25;1;0
296.264;41;0.2050;10582;2.346;-2;125;-25;1;0
296.364;42;0.2100;11453;2.539;-2;125;-25;1;0
296.464;42;0.2100;12964;2.874;-1;125;-26;1;0
296.564;43;0.2150;13335;2.956;-1;125;-24;1;0
296.664;44;0.2200;13668;3.030;-1;125;-25;1;0
296.764;44;0.2200;14230;3.155;-2;125;-25;1;0
296.864;45;0.2250;16575;3.675;-1;125;-26;1;0
296.964;46;0.2300;17834;3.954;-2;125;-24;1;0
297.064;46;0.2300;19050;4.223;-2;125;-25;1;0
297.164;47;0.2350;19585;4.342;-1;125;-26;1;0
297.264;48;0.2400;20734;4.597;-1;125;-25;1;0
297.364;48;0.2400;21445;4.754;-2;125;-24;1;0
297.464;49;0.2450;22798;5.054;-1;125;-25;1;0
297.564;50;0.2500;24643;5.463;-1;125;-25;1;0
297.664;50;0.2500;25118;5.569;-2;125;-25;1;0
297.764;51;0.2550;26481;5.871;-2;126;-24;1;0
297.864;52;0.2600;28045;6.218;-1;124;-26;1;0
297.964;52;0.2600;29417;6.522;-1;124;-25;1;0
298.064;53;0.2650;32024;7.100;-2;124;-24;1;0
298.164;54;0.2700;33951;7.527;-3;125;-25;1;0
298.264;54;0.2700;35695;7.914;-2;125;-25;1;0
298.364;55;0.2750;37186;8.244;-2;125;-24;1;0
298.464;56;0.2800;37561;8.327;-1;125;-25;1;0
298.564;56;0.2800;38438;8.522;-2;124;-25;1;0
298.664;57;0.2850;41057;9.102;-2;124;-25;1;0
298.764;58;0.2900;43602;9.667;-1;125;-26;1;0
298.864;58;0.2900;44579;9.883;-1;125;-25;1;0
298.964;59;0.2950;44849;9.943;-2;125;-25;1;0
299.064;60;0.3000;45836;10.162;-2;125;-24;1;0
299.164;60;0.3000;47755;10.587;-2;124;-26;1;0
299.264;61;0.3050;48851;10.830;-1;124;-25;1;0
299.364;62;0.3100;50595;11.217;-1;125;-25;1;0
299.464;62;0.3100;52943;11.737;-1;124;-25;1;0
299.564;63;0.3150;57903;12.837;-1;125;-25;1;0
299.664;64;0.3200;58700;13.014;-1;125;-25;1;0
299.764;64;0.3200;60769;13.472;-2;125;-25;1;0
299.864;65;0.3250;61933;13.731;-2;124;-25;1;0
299.964;66;0.3300;62546;13.866;-1;125;-25;1;0
300.064;66;0.3300;63613;14.103;-2;124;-25;1;0
300.164;67;0.3350;65719;14.570;-2;125;-26;1;0
300.264;68;0.3400;69692;15.451;-1;125;-25;1;0
300.364;68;0.3400;72191;16.005;-1;125;-25;1;0
300.464;69;0.3450;74631;16.546;-2;125;-25;1;0
300.564;70;0.3500;75826;16.811;-1;125;-25;1;0
300.664;70;0.3500;76659;16.995;-2;125;-25;1;0
300.764;71;0.3550;79185;17.555;-1;125;-24;1;0
300.864;72;0.3600;81183;17.998;-1;124;-25;1;0
300.964;72;0.3600;82570;18.306;-1;125;-25;1;0
301.064;73;0.3650;85463;18.947;-2;125;-24;1;0
301.164;74;0.3700;90788;20.128;-2;125;-26;1;0
301.264;74;0.3700;91802;20.353;-1;125;-25;1;0
301.364;75;0.3750;94425;20.934;-1;125;-25;1;0
301.464;76;0.3800;94789;21.015;-1;125;-26;1;0
301.564;76;0.3800;97349;21.582;-1;125;-24;1;0
301.664;77;0.3850;99320;22.019;-2;125;-25;1;0
301.764;78;0.3900;100400;22.259;-2;125;-25;1;0
301.864;78;0.3900;103470;22.939;-1;125;-24;1;0
301.964;79;0.3950;110643;24.530;-1;125;-25;1;0
302.064;80;0.4000;111985;24.827;-2;125;-24;1;0
302.164;80;0.4000;114096;25.295;-1;124;-25;1;0
302.264;81;0.4050;116235;25.769;-1;124;-26;1;0
302.364;82;0.4100;116874;25.911;-2;125;-25;1;0
302.464;82;0.4100;119276;26.443;-2;125;-25;1;0
302.564;83;0.4150;123190;27.311;-1;124;-26;1;0
302.664;84;0.4200;125012;27.715;-1;124;-25;1;0
302.764;84;0.4200;128072;28.394;-1;124;-25;1;0
302.864;85;0.4250;129039;28.608;-2;125;-25;1;0
302.964;86;0.4300;133167;29.523;-1;125;-26;1;0
303.064;86;0.4300;136844;30.338;-2;125;-25;1;0
303.164;87;0.4350;139633;30.957;-2;124;-26;1;0
303.264;88;0.4400;141526;31.376;-2;125;-24;1;0
303.364;88;0.4400;143605;31.837;-1;125;-25;1;0
303.464;89;0.4450;145831;32.331;-2;124;-25;1;0
303.564;90;0.4500;150338;33.330;-2;125;-24;1;0
303.664;90;0.4500;152080;33.716;-1;125;-25;1;0
303.764;91;0.4550;155221;34.412;-2;125;-25;1;0
303.864;92;0.4600;157475;34.912;-2;125;-25;1;0
303.964;92;0.4600;159585;35.380;-2;124;-25;1;0
304.064;93;0.4650;160795;35.648;-1;124;-25;1;0
304.164;94;0.4700;161304;35.761;-2;125;-25;1;0
304.264;94;0.4700;164673;36.508;-2;125;-25;1;0
304.364;95;0.4750;171722;38.071;-2;125;-25;1;0
304.464;96;0.4800;172971;38.348;-2;125;-25;1;0
304.564;96;0.4800;175940;39.006;-1;124;-26;1;0
304.664;97;0.4850;178896;39.661;-2;124;-26;1;0
304.764;98;0.4900;180160;39.941;-1;125;-25;1;0
304.864;98;0.4900;182183;40.390;-2;126;-25;1;0
304.964;99;0.4950;184571;40.919;-1;125;-25;1;0
305.064;100;0.5000;188814;41.860;-2;125;-25;1;0
305.164;100;0.5000;192972;42.782;-1;124;-25;1;0
305.264;101;0.5050;193946;42.998;-2;125;-25;1;0
305.364;102;0.5100;196013;43.456;-2;125;-25;1;0
305.464;102;0.5100;200161;44.376;-1;125;-25;1;0
305.564;103;0.5150;202911;44.985;-2;125;-24;1;0
305.664;104;0.5200;204784;45.401;-1;124;-25;1;0
305.764;104;0.5200;207147;45.924;-1;125;-24;1;0
305.864;105;0.5250;210303;46.624;-2;124;-25;1;0
305.964;106;0.5300;214038;47.452;-2;125;-25;1;0
306.064;106;0.5300;216180;47.927;-1;125;-26;1;0
306.164;107;0.5350;219177;48.592;-1;125;-25;1;0
306.264;108;0.5400;221304;49.063;-1;125;-24;1;0
306.364;108;0.5400;224010;49.663;-2;125;-26;1;0
306.464;109;0.5450;226049;50.115;-2;125;-26;1;0
306.564;110;0.5500;227594;50.458;-1;125;-25;1;0
306.664;110;0.5500;231333;51.287;-2;125;-24;1;0
306.764;111;0.5550;237627;52.682;-2;125;-25;1;0
306.864;112;0.5600;239105;53.010;-2;125;-25;1;0
306.964;112;0.5600;241284;53.493;-2;125;-24;1;0
307.064;113;0.5650;243960;54.086;-1;124;-25;1;0
307.164;114;0.5700;245951;54.527;-1;125;-24;1;0
307.264;114;0.5700;248898;55.181;-1;125;-25;1;0
307.364;115;0.5750;252707;56.025;-1;124;-25;1;0
307.464;116;0.5800;256055;56.767;-1;125;-25;1;0
307.564;116;0.5800;259396;57.508;-1;124;-25;1;0
307.664;117;0.5850;260777;57.814;-2;125;-25;1;0
307.764;118;0.5900;263127;58.335;-2;125;-25;1;0
307.864;118;0.5900;267849;59.382;-2;123;-24;1;0
307.964;119;0.5950;271900;60.280;-1;124;-26;1;0
308.064;120;0.6000;274637;60.887;-2;125;-25;1;0
308.164;120;0.6000;276785;61.363;-1;125;-24;1;0
308.264;121;0.6050;279772;62.025;-2;125;-25;1;0
308.364;122;0.6100;284573;63.090;-2;124;-25;1;0
308.464;122;0.6100;288064;63.864;-1;125;-26;1;0
308.564;123;0.6150;291699;64.670;-1;125;-25;1;0
308.664;124;0.6200;292683;64.888;-1;125;-24;1;0
308.764;124;0.6200;294954;65.391;-2;125;-25;1;0
308.864;125;0.6250;297309;65.913;-2;124;-25;1;0
308.964;126;0.6300;299351;66.366;-1;125;-25;1;0
309.064;126;0.6300;303431;67.271;-1;124;-25;1;0
309.164;127;0.6350;309880;68.700;-1;125;-25;1;0
309.264;128;0.6400;311796;69.125;-2;125;-25;1;0
309.364;128;0.6400;312709;69.328;-2;125;-25;1;0
309.464;129;0.6450;316475;70.163;-1;124;-25;1;0
309.564;130;0.6500;319891;70.920;-1;124;-27;1;0
309.664;130;0.6500;323588;71.739;-2;125;-24;1;0
309.764;131;0.6550;324440;71.928;-2;125;-25;1;0
309.864;132;0.6600;327705;72.652;-2;125;-26;1;0
309.964;132;0.6600;330112;73.186;-2;124;-26;1;0
310.064;133;0.6650;332591;73.735;-1;125;-25;1;0
310.164;134;0.6700;335356;74.348;-2;124;-25;1;0
310.264;134;0.6700;337852;74.902;-3;124;-25;1;0
310.364;135;0.6750;341778;75.772;-2;125;-25;1;0
310.464;136;0.6800;343747;76.209;-2;125;-26;1;0
310.564;136;0.6800;345445;76.585;-2;125;-25;1;0
310.664;137;0.6850;347408;77.020;-2;125;-24;1;0
310.764;138;0.6900;353226;78.310;-2;125;-25;1;0
310.864;138;0.6900;355436;78.800;-1;125;-25;1;0
310.964;139;0.6950;358275;79.430;-2;125;-26;1;0
311.064;140;0.7000;359720;79.750;-1;125;-25;1;0
311.164;140;0.7000;360879;80.007;-2;125;-24;1;0
311.264;141;0.7050;361869;80.226;-1;125;-25;1;0
311.364;142;0.7100;365181;80.961;-2;125;-26;1;0
311.464;142;0.7100;370527;82.146;-1;124;-25;1;0
311.564;143;0.7150;378447;83.902;-2;125;-26;1;0
311.664;144;0.7200;380537;84.365;-1;125;-25;1;0
311.764;144;0.7200;382820;84.871;-2;125;-25;1;0
311.864;145;0.7250;385059;85.368;-2;125;-25;1;0
311.964;146;0.7300;387455;85.899;-2;124;-25;1;0
312.064;146;0.7300;391818;86.866;-1;125;-25;1;0
312.164;147;0.7350;394382;87.434;-2;124;-26;1;0
312.264;148;0.7400;398705;88.393;-1;125;-25;1;0
312.364;148;0.7400;401234;88.954;-1;125;-25;1;0
312.464;149;0.7450;406191;90.053;-1;124;-25;1;0
312.564;150;0.7500;408715;90.612;-2;125;-24;1;0
312.664;150;0.7500;412566;91.466;-1;124;-25;1;0
312.764;151;0.7550;415753;92.172;-1;124;-24;1;0
312.864;152;0.7600;418917;92.874;-1;125;-25;1;0
312.964;152;0.7600;422244;93.611;-1;124;-24;1;0
313.064;153;0.7650;424783;94.174;-2;124;-25;1;0
313.164;154;0.7700;427672;94.815;-1;124;-25;1;0
313.264;154;0.7700;434330;96.291;-1;126;-25;1;0
313.364;155;0.7750;437942;97.092;-2;125;-25;1;0
313.464;156;0.7800;438797;97.281;-1;124;-25;1;0
313.564;156;0.7800;441820;97.951;-1;125;-26;1;0
313.664;157;0.7850;444846;98.622;-1;124;-25;1;0
313.764;158;0.7900;446844;99.065;-1;125;-25;1;0
313.864;158;0.7900;451085;100.006;-1;125;-26;1;0
313.964;159;0.7950;454292;100.717;-2;124;-26;1;0
314.064;160;0.8000;461571;102.330;-1;124;-25;1;0
314.164;160;0.8000;463318;102.718;-2;125;-25;1;0
314.264;161;0.8050;467687;103.686;-2;124;-24;1;0
314.364;162;0.8100;471190;104.463;-1;124;-25;1;0
314.464;162;0.8100;475834;105.492;-1;125;-25;1;0
314.564;163;0.8150;478720;106.132;-1;125;-25;1;0
314.664;164;0.8200;481045;106.648;-2;125;-25;1;0
314.764;164;0.8200;483152;107.115;-1;125;-26;1;0
314.864;165;0.8250;488350;108.267;-2;125;-26;1;0
314.964;166;0.8300;491098;108.876;-2;125;-24;1;0
315.064;166;0.8300;494024;109.525;-1;125;-25;1;0
315.164;167;0.8350;497992;110.405;-1;124;-24;1;0
315.264;168;0.8400;500251;110.906;-1;125;-25;1;0
315.364;168;0.8400;502980;111.511;-1;124;-24;1;0
315.464;169;0.8450;506284;112.243;-1;124;-24;1;0
315.564;170;0.8500;508689;112.776;-2;126;-26;1;0
315.664;170;0.8500;514586;114.084;-1;125;-24;1;0
315.764;171;0.8550;516971;114.612;-1;124;-25;1;0
315.864;172;0.8600;519693;115.216;-2;124;-24;1;0
315.964;172;0.8600;522428;115.822;-2;124;-24;1;0
316.064;173;0.8650;524538;116.290;-1;124;-25;1;0
316.164;174;0.8700;526592;116.745;-1;124;-26;1;0
316.264;174;0.8700;531173;117.761;-1;124;-24;1;0
316.364;175;0.8750;535984;118.828;-1;125;-26;1;0
316.464;176;0.8800;541821;120.122;-1;125;-25;1;0
316.564;176;0.8800;542365;120.242;-1;125;-25;1;0
316.664;177;0.8850;544596;120.737;-1;125;-26;1;0
316.764;178;0.8900;547869;121.463;-1;125;-25;1;0
316.864;178;0.8900;552263;122.437;-1;125;-25;1;0
316.964;179;0.8950;555302;123.110;-2;125;-25;1;0
317.064;180;0.9000;558353;123.787;-1;124;-26;1;0
317.164;180;0.9000;561075;124.390;-1;125;-25;1;0
317.264;181;0.9050;565403;125.350;-2;125;-26;1;0
317.364;182;0.9100;568010;125.928;-2;125;-25;1;0
317.464;182;0.9100;572779;126.985;-1;125;-25;1;0
317.564;183;0.9150;577486;128.029;-1;124;-24;1;0
317.664;184;0.9200;579101;128.387;-2;126;-25;1;0
317.764;184;0.9200;581791;128.983;-1;125;-25;1;0
317.864;185;0.9250;584371;129.555;-2;124;-24;1;0
317.964;186;0.9300;586611;130.052;-1;125;-25;1;0
318.064;186;0.9300;591812;131.205;-1;125;-24;1;0
318.164;187;0.9350;596544;132.254;-1;125;-24;1;0
318.264;188;0.9400;598762;132.746;-2;125;-26;1;0
318.364;188;0.9400;599717;132.957;-2;125;-24;1;0
318.464;189;0.9450;602841;133.650;-1;124;-25;1;0
318.564;190;0.9500;606462;134.453;-2;125;-25;1;0
318.664;190;0.9500;610360;135.317;-2;124;-25;1;0
318.764;191;0.9550;613019;135.906;-2;125;-25;1;0
318.864;192;0.9600;619481;137.339;-2;124;-25;1;0
318.964;192;0.9600;621603;137.809;-1;126;-25;1;0
319.064;193;0.9650;624821;138.523;-2;124;-25;1;0
319.164;194;0.9700;627528;139.123;-1;124;-26;1;0
319.264;194;0.9700;630791;139.846;-1;125;-24;1;0
319.364;195;0.9750;634422;140.651;-2;124;-24;1;0
319.464;196;0.9800;637809;141.402;-1;125;-25;1;0
319.564;196;0.9800;640027;141.894;-1;124;-25;1;0
319.664;197;0.9850;644092;142.795;-1;124;-24;1;0
319.764;198;0.9900;647829;143.624;-2;125;-26;1;0
319.864;198;0.9900;651939;144.535;-1;125;-25;1;0
319.964;199;0.9950;656441;145.533;-2;125;-25;1;0
320.064;200;1.0000;658781;146.052;-2;125;-25;1;0
320.164;200;1.0000;660501;146.433;-2;125;-24;1;0
320.264;201;1.0050;662306;146.833;-2;125;-25;1;0
320.364;202;1.0100;663817;147.168;-2;125;-25;1;0
320.464;202;1.0100;671104;148.784;-1;124;-25;1;0
320.564;203;1.0150;676157;149.904;-2;124;-25;1;0
320.664;204;1.0200;677984;150.309;-1;125;-26;1;0
320.764;204;1.0200;678973;150.528;-1;125;-26;1;0
320.864;205;1.0250;680801;150.934;-1;125;-25;1;0
320.964;206;1.0300;681860;151.168;-1;125;-25;1;0
321.064;206;1.0300;685702;152.020;-1;125;-26;1;0
321.164;207;1.0350;689260;152.809;-1;124;-24;1;0
321.264;208;1.0400;696666;154.451;-2;124;-24;1;0
321.364;208;1.0400;698252;154.802;-1;124;-25;1;0
321.464;209;1.0450;701871;155.605;-1;125;-25;1;0
321.564;210;1.0500;703383;155.940;-1;124;-25;1;0
321.664;210;1.0500;706879;156.715;0;124;-25;1;0
321.764;211;1.0550;710541;157.527;-1;125;-24;1;0
321.864;212;1.0600;712832;158.035;-2;124;-25;1;0
321.964;212;1.0600;714377;158.377;-2;125;-24;1;0
322.064;213;1.0650;719117;159.428;-1;124;-25;1;0
322.164;214;1.0700;721470;159.950;-2;125;-25;1;0
322.264;214;1.0700;725088;160.752;-2;124;-25;1;0
322.364;215;1.0750;728957;161.610;-1;125;-25;1;0
322.464;216;1.0800;732407;162.375;-1;124;-25;1;0
322.564;216;1.0800;733619;162.643;-1;125;-25;1;0
322.664;217;1.0850;735266;163.008;-1;124;-25;1;0
322.764;218;1.0900;737575;163.520;-1;124;-25;1;0
322.864;218;1.0900;744431;165.040;-1;124;-25;1;0
322.964;219;1.0950;746867;165.580;-1;124;-24;1;0
323.064;220;1.1000;749739;166.217;-1;125;-25;1;0
323.164;220;1.1000;750915;166.478;-2;125;-25;1;0
323.264;221;1.1050;752025;166.724;-2;125;-24;1;0
323.364;222;1.1100;755010;167.386;-1;124;-24;1;0
323.464;222;1.1100;759273;168.331;-1;125;-25;1;0
323.564;223;1.1150;762372;169.018;-2;124;-25;1;0
323.664;224;1.1200;765622;169.738;-1;124;-26;1;0
323.764;224;1.1200;768109;170.290;-2;125;-25;1;0
323.864;225;1.1250;769781;170.660;-1;124;-25;1;0
323.964;226;1.1300;771719;171.090;-2;125;-24;1;0
324.064;226;1.1300;775492;171.927;-1;124;-24;1;0
324.164;227;1.1350;778043;172.492;-2;125;-25;1;0
324.264;228;1.1400;781089;173.167;-1;125;-25;1;0
324.364;228;1.1400;783407;173.681;-1;125;-24;1;0
324.464;229;1.1450;786255;174.313;-2;125;-25;1;0
324.564;230;1.1500;790291;175.208;-1;125;-25;1;0
324.664;230;1.1500;794312;176.099;-1;124;-25;1;0
324.764;231;1.1550;797716;176.854;-2;124;-25;1;0
324.864;232;1.1600;798422;177.010;-2;125;-24;1;0
324.964;232;1.1600;799803;177.316;-1;125;-26;1;0
325.064;233;1.1650;800606;177.494;-1;124;-24;1;0
325.164;234;1.1700;801912;177.784;-2;125;-25;1;0
325.264;234;1.1700;808890;179.331;-1;124;-24;1;0
325.364;235;1.1750;811212;179.846;-1;125;-25;1;0
325.464;236;1.1800;812134;180.050;-1;125;-26;1;0
325.564;236;1.1800;814717;180.623;-1;124;-24;1;0
325.664;237;1.1850;814715;180.622;-1;124;-26;1;0
325.764;238;1.1900;815070;180.701;-2;125;-25;1;0
325.864;238;1.1900;819452;181.673;-1;125;-25;1;0
325.964;239;1.1950;821695;182.170;-2;124;-24;1;0
326.064;240;1.2000;827344;183.422;-1;125;-25;1;0
326.164;240;1.2000;829168;183.827;-2;125;-24;1;0
326.264;241;1.2050;830198;184.055;-1;125;-25;1;0
326.364;242;1.2100;831088;184.252;-2;124;-25;1;0
326.464;242;1.2100;834003;184.898;-2;125;-24;1;0
326.564;243;1.2150;836863;185.533;-2;125;-25;1;0
326.664;244;1.2200;838618;185.922;-1;124;-25;1;0
326.764;244;1.2200;841177;186.489;-1;125;-25;1;0
326.864;245;1.2250;843504;187.005;-3;125;-24;1;0
326.964;246;1.2300;844550;187.237;-2;125;-25;1;0
327.064;246;1.2300;846518;187.673;-1;125;-25;1;0
327.164;247;1.2350;849720;188.383;-2;125;-25;1;0
327.264;248;1.2400;850723;188.605;-1;125;-25;1;0
327.364;248;1.2400;852019;188.893;-2;124;-25;1;0
327.464;249;1.2450;853983;189.328;-2;124;-26;1;0
327.564;250;1.2500;855072;189.569;-2;124;-25;1;0
327.664;250;1.2500;857926;190.202;-2;124;-25;1;0
327.764;251;1.2550;860636;190.803;-2;125;-25;1;0
327.864;252;1.2600;861600;191.017;-1;124;-25;1;0
327.964;252;1.2600;862200;191.150;-2;125;-25;1;0
328.064;253;1.2650;863164;191.363;-1;126;-25;1;0
328.164;254;1.2700;864134;191.579;-2;125;-24;1;0
328.264;254;1.2700;866579;192.121;-2;125;-25;1;0
328.364;255;1.2750;868942;192.644;-1;124;-25;1;0
328.464;256;1.2800;870979;193.096;-1;124;-26;1;0
328.564;256;1.2800;872766;193.492;-2;124;-25;1;0
328.664;257;1.2850;874394;193.853;-2;124;-25;1;0
328.764;258;1.2900;875675;194.137;-1;124;-25;1;0
328.864;258;1.2900;877294;194.496;-1;125;-26;1;0
328.964;259;1.2950;880679;195.247;-2;125;-25;1;0
329.064;260;1.3000;881395;195.405;-2;125;-25;1;0
329.164;260;1.3000;881401;195.407;-1;125;-25;1;0
329.264;261;1.3050;882462;195.642;-1;124;-24;1;0
329.364;262;1.3100;884410;196.074;-1;125;-27;1;0
329.464;262;1.3100;888471;196.974;-2;124;-24;1;0
329.564;263;1.3150;890930;197.519;-2;124;-25;1;0
329.664;264;1.3200;891440;197.632;-1;125;-25;1;0
329.764;264;1.3200;891275;197.596;-2;125;-24;1;0
329.864;265;1.3250;893775;198.150;-2;125;-25;1;0
329.964;266;1.3300;895679;198.572;-2;125;-26;1;0
330.064;266;1.3300;897275;198.926;-1;124;-24;1;0
330.164;267;1.3350;902568;200.099;-1;125;-25;1;0
330.264;268;1.3400;902429;200.069;-1;125;-25;1;0
330.364;268;1.3400;903022;200.200;-1;125;-23;1;0
330.464;269;1.3450;905706;200.795;-2;125;-24;1;0
330.564;270;1.3500;907687;201.234;-1;125;-25;1;0
330.664;270;1.3500;910424;201.841;-2;125;-26;1;0
330.764;271;1.3550;911909;202.170;-2;125;-25;1;0
330.864;272;1.3600;914878;202.828;-3;125;-24;1;0
330.964;272;1.3600;916498;203.188;-2;125;-25;1;0
331.064;273;1.3650;918390;203.607;-2;124;-25;1;0
331.164;274;1.3700;919798;203.919;-1;125;-25;1;0
331.264;274;1.3700;922008;204.409;-1;124;-25;1;0
331.364;275;1.3750;924583;204.980;-1;125;-25;1;0
331.464;276;1.3800;925783;205.246;-2;124;-25;1;0
331.564;276;1.3800;926810;205.474;-1;125;-25;1;0
331.664;277;1.3850;927075;205.533;-2;124;-25;1;0
331.764;278;1.3900;929041;205.968;-3;125;-25;1;0
331.864;278;1.3900;930932;206.388;-2;124;-24;1;0
331.964;279;1.3950;933843;207.033;-2;125;-24;1;0
332.064;280;1.4000;935078;207.307;0;124;-25;1;0
332.164;280;1.4000;934461;207.170;-1;125;-25;1;0
332.264;281;1.4050;935473;207.394;-3;126;-24;1;0
332.364;282;1.4100;936071;207.527;-1;124;-25;1;0
332.464;282;1.4100;937337;207.808;-2;125;-25;1;0
332.564;283;1.4150;939603;208.310;-1;126;-25;1;0
332.664;284;1.4200;940945;208.608;-2;124;-25;1;0
332.764;284;1.4200;941236;208.672;-2;125;-24;1;0
332.864;285;1.4250;941566;208.745;-2;125;-25;1;0
332.964;286;1.4300;942527;208.958;-1;124;-25;1;0
333.064;286;1.4300;943592;209.194;-2;125;-24;1;0
333.164;287;1.4350;944391;209.371;-1;124;-24;1;0
333.264;288;1.4400;946585;209.858;-1;125;-26;1;0
333.364;288;1.4400;948849;210.360;-1;125;-25;1;0
333.464;289;1.4450;950109;210.639;-1;124;-25;1;0
333.564;290;1.4500;950922;210.819;-1;124;-25;1;0
333.664;290;1.4500;950957;210.827;-1;124;-25;1;0
333.764;291;1.4550;951171;210.875;-1;125;-25;1;0
333.864;292;1.4600;952675;211.208;-1;124;-25;1;0
333.964;292;1.4600;951808;211.016;-2;125;-25;1;0
334.064;293;1.4650;951210;210.883;-1;125;-24;1;0
334.164;294;1.4700;955059;211.737;-1;124;-25;1;0
334.264;294;1.4700;956227;211.996;-1;124;-25;1;0
334.364;295;1.4750;959019;212.615;-1;125;-24;1;0
334.464;296;1.4800;958136;212.419;-2;124;-25;1;0
334.564;296;1.4800;959283;212.673;-1;125;-24;1;0
334.664;297;1.4850;958107;212.412;-2;125;-25;1;0
334.764;298;1.4900;957156;212.201;-1;125;-26;1;0
334.864;298;1.4900;959111;212.635;-1;124;-25;1;0
334.964;299;1.4950;961736;213.217;-2;124;-25;1;0
335.064;300;1.5000;961089;213.073;-2;125;-24;1;0
335.164;300;1.5000;959887;212.807;-2;125;-24;1;0
335.264;301;1.5050;960879;213.027;-2;125;-25;1;0
335.364;302;1.5100;960719;212.991;-2;125;-26;1;0
335.464;302;1.5100;961798;213.231;-1;124;-26;1;0
335.564;303;1.5150;962419;213.368;-2;125;-24;1;0
335.664;304;1.5200;964241;213.772;-1;124;-26;1;0
335.764;304;1.5200;963187;213.539;-1;125;-25;1;0
335.864;305;1.5250;962548;213.397;-2;125;-25;1;0
335.964;306;1.5300;962255;213.332;-2;125;-25;1;0
336.064;306;1.5300;963327;213.570;-2;125;-23;1;0
336.164;307;1.5350;965318;214.011;-1;124;-25;1;0
336.264;308;1.5400;965023;213.946;-2;125;-24;1;0
336.364;308;1.5400;965148;213.973;-1;124;-26;1;0
336.464;309;1.5450;964086;213.738;-2;124;-25;1;0
336.564;310;1.5500;964718;213.878;-1;125;-26;1;0
336.664;310;1.5500;966935;214.369;-1;125;-25;1;0
336.764;311;1.5550;966892;214.360;-2;124;-25;1;0
336.864;312;1.5600;965649;214.084;-1;125;-26;1;0
336.964;312;1.5600;965638;214.082;-2;125;-25;1;0
337.064;313;1.5650;964269;213.778;-2;124;-24;1;0
337.164;314;1.5700;964350;213.796;-1;124;-24;1;0
337.264;314;1.5700;965735;214.103;-2;125;-25;1;0
337.364;315;1.5750;964579;213.847;-2;124;-25;1;0
337.464;316;1.5800;964360;213.799;-1;124;-25;1;0
337.564;316;1.5800;962871;213.469;-2;125;-24;1;0
337.664;317;1.5850;962021;213.280;-2;124;-24;1;0
337.764;318;1.5900;962055;213.288;-2;125;-25;1;0
337.864;318;1.5900;963212;213.544;-1;124;-25;1;0
337.964;319;1.5950;963835;213.682;-1;124;-25;1;0
338.064;320;1.6000;964564;213.844;-2;125;-25;1;0
338.164;320;1.6000;963848;213.685;-1;125;-25;1;0
338.264;321;1.6050;963883;213.693;-1;125;-25;1;0
338.364;322;1.6100;963733;213.660;-1;125;-26;1;0
338.464;322;1.6100;963931;213.704;-2;125;-25;1;0
338.564;323;1.6150;963925;213.702;-2;125;-25;1;0
338.664;324;1.6200;964022;213.724;-2;124;-25;1;0
338.764;324;1.6200;963848;213.685;-2;125;-25;1;0
338.864;325;1.6250;962423;213.369;-1;124;-24;1;0
338.964;326;1.6300;962390;213.362;-2;125;-24;1;0
339.064;326;1.6300;963439;213.594;-1;125;-25;1;0
339.164;327;1.6350;963679;213.648;-2;125;-25;1;0
339.264;328;1.6400;962454;213.376;-1;126;-25;1;0
339.364;328;1.6400;963495;213.607;-1;125;-26;1;0
339.464;329;1.6450;962598;213.408;-1;124;-24;1;0
339.564;330;1.6500;961418;213.146;-2;125;-24;1;0
339.664;330;1.6500;961545;213.175;-2;125;-25;1;0
339.764;331;1.6550;962796;213.452;-1;124;-24;1;0
339.864;332;1.6600;961704;213.210;-2;125;-26;1;0
339.964;332;1.6600;961111;213.078;-2;126;-25;1;0
340.064;333;1.6650;960543;212.952;-2;124;-25;1;0
340.164;334;1.6700;960039;212.841;-1;124;-26;1;0
340.264;334;1.6700;961048;213.064;-1;125;-25;1;0
340.364;335;1.6750;961510;213.167;-1;124;-26;1;0
340.464;336;1.6800;961421;213.147;-2;125;-24;1;0
340.564;336;1.6800;958810;212.568;-1;125;-25;1;0
340.664;337;1.6850;958989;212.608;-2;125;-24;1;0
340.764;338;1.6900;958514;212.503;-1;125;-25;1;0
340.864;338;1.6900;959691;212.763;-2;125;-26;1;0
340.964;339;1.6950;960293;212.897;-2;125;-25;1;0
341.064;340;1.7000;958384;212.474;-1;124;-27;1;0
341.164;340;1.7000;957803;212.345;-1;125;-25;1;0
341.264;341;1.7050;956919;212.149;-2;125;-26;1;0
341.364;342;1.7100;957825;212.350;-3;126;-24;1;0
341.464;342;1.7100;958406;212.479;-2;124;-25;1;0
341.564;343;1.7150;959596;212.742;-2;125;-25;1;0
341.664;344;1.7200;958040;212.397;-1;124;-25;1;0
341.764;344;1.7200;957553;212.290;-1;124;-24;1;0
341.864;345;1.7250;957059;212.180;-2;125;-25;1;0
341.964;346;1.7300;956831;212.129;-1;125;-25;1;0
342.064;346;1.7300;957040;212.176;-2;125;-25;1;0
342.164;347;1.7350;956558;212.069;-2;125;-26;1;0
342.264;348;1.7400;955744;211.888;-2;125;-24;1;0
342.364;348;1.7400;954362;211.582;-2;125;-24;1;0
342.464;349;1.7450;953675;211.430;-1;125;-25;1;0
342.564;350;1.7500;953607;211.415;-1;124;-25;1;0
342.664;350;1.7500;953052;211.292;-1;124;-25;1;0
342.764;351;1.7550;952781;211.232;-1;125;-25;1;0
342.864;352;1.7600;953977;211.497;-2;124;-25;1;0
342.964;352;1.7600;952875;211.252;-2;124;-25;1;0
343.064;353;1.7650;951859;211.027;-1;125;-25;1;0
343.164;354;1.7700;951775;211.009;-1;125;-24;1;0
343.264;354;1.7700;952398;211.147;-1;125;-24;1;0
343.364;355;1.7750;953166;211.317;-1;125;-25;1;0
343.464;356;1.7800;952656;211.204;-1;124;-26;1;0
343.564;356;1.7800;950178;210.654;-1;125;-25;1;0
343.664;357;1.7850;948487;210.280;-1;125;-25;1;0
343.764;358;1.7900;947914;210.153;-1;125;-25;1;0
343.864;358;1.7900;948120;210.198;-2;125;-24;1;0
343.964;359;1.7950;947733;210.112;-1;125;-26;1;0
344.064;360;1.8000;947389;210.036;-2;125;-25;1;0
344.164;360;1.8000;946952;209.939;-1;125;-24;1;0
344.264;361;1.8050;946511;209.841;-1;125;-24;1;0
344.364;362;1.8100;946389;209.814;0;124;-25;1;0
344.464;362;1.8100;946398;209.816;-2;124;-25;1;0
344.564;363;1.8150;945686;209.659;-2;124;-25;1;0
344.664;364;1.8200;945277;209.568;-2;126;-25;1;0
344.764;364;1.8200;943729;209.225;-1;124;-24;1;0
344.864;365;1.8250;941621;208.757;-1;124;-25;1;0
344.964;366;1.8300;940269;208.458;-1;125;-24;1;0
345.064;366;1.8300;940629;208.537;-2;124;-25;1;0
345.164;367;1.8350;941683;208.771;-1;124;-24;1;0
345.264;368;1.8400;942557;208.965;-1;125;-26;1;0
345.364;368;1.8400;940713;208.556;-2;125;-26;1;0
345.464;369;1.8450;937484;207.840;-2;125;-24;1;0
345.564;370;1.8500;937943;207.942;-1;125;-24;1;0
345.664;370;1.8500;938280;208.017;-1;124;-25;1;0
345.764;371;1.8550;937386;207.818;-1;124;-25;1;0
345.864;372;1.8600;935700;207.445;-1;124;-26;1;0
345.964;372;1.8600;934652;207.212;-1;124;-25;1;0
346.064;373;1.8650;932355;206.703;-1;125;-24;1;0
346.164;374;1.8700;932072;206.640;-1;125;-25;1;0
346.264;374;1.8700;931747;206.568;-1;125;-25;1;0
346.364;375;1.8750;933266;206.905;-2;125;-25;1;0
346.464;376;1.8800;931577;206.531;-2;124;-24;1;0
346.564;376;1.8800;930223;206.230;-1;124;-25;1;0
346.664;377;1.8850;929442;206.057;-1;124;-25;1;0
346.764;378;1.8900;928810;205.917;-1;124;-25;1;0
346.864;378;1.8900;928889;205.935;-1;124;-25;1;0
346.964;379;1.8950;928864;205.929;-1;124;-25;1;0
347.064;380;1.9000;928082;205.756;-1;124;-25;1;0
347.164;380;1.9000;927818;205.697;-2;125;-24;1;0
347.264;381;1.9050;926690;205.447;-1;125;-25;1;0
347.364;382;1.9100;925536;205.191;-3;125;-24;1;0
347.464;382;1.9100;927850;205.704;-2;125;-25;1;0
347.564;383;1.9150;929289;206.023;-2;125;-24;1;0
347.664;384;1.9200;930067;206.196;-1;125;-25;1;0
347.764;384;1.9200;930348;206.258;-1;125;-24;1;0
347.864;385;1.9250;928617;205.874;-1;125;-25;1;0
347.964;386;1.9300;929351;206.037;-2;125;-25;1;0
348.064;386;1.9300;930126;206.209;-2;125;-25;1;0
348.164;387;1.9350;930551;206.303;-2;125;-25;1;0
348.264;388;1.9400;929282;206.022;-2;125;-25;1;0
348.364;388;1.9400;929706;206.116;-2;124;-25;1;0
348.464;389;1.9450;930153;206.215;-1;124;-24;1;0
348.564;390;1.9500;929732;206.122;-1;125;-26;1;0
348.664;390;1.9500;930989;206.400;-1;125;-26;1;0
348.764;391;1.9550;932997;206.845;-2;125;-25;1;0
348.864;392;1.9600;931979;206.620;-2;124;-25;1;0
348.964;392;1.9600;930795;206.357;-1;125;-25;1;0
349.064;393;1.9650;929506;206.071;-1;125;-25;1;0
349.164;394;1.9700;929205;206.005;-3;125;-24;1;0
349.264;394;1.9700;930834;206.366;-2;125;-26;1;0
349.364;395;1.9750;930711;206.339;-1;125;-24;1;0
349.464;396;1.9800;929864;206.151;-1;125;-25;1;0
349.564;396;1.9800;928520;205.853;-1;125;-24;1;0
349.664;397;1.9850;929113;205.984;-1;125;-25;1;0
349.764;398;1.9900;929340;206.035;-2;125;-25;1;0
349.864;398;1.9900;928807;205.917;-2;124;-25;1;0
349.964;399;1.9950;928489;205.846;0;125;-25;1;0
350.064;400;2.0000;929138;205.990;-2;124;-24;1;0
350.164;400;2.0000;929537;206.078;-2;124;-24;1;0
350.264;401;2.0050;926833;205.479;-1;123;-25;1;0
350.364;402;2.0100;926313;205.364;-1;124;-25;1;0
350.464;402;2.0100;926780;205.467;-1;125;-24;1;0
350.564;403;2.0150;927531;205.634;-2;125;-25;1;0
350.664;404;2.0200;925648;205.216;-2;125;-25;1;0
350.764;404;2.0200;925115;205.098;-1;125;-24;1;0
350.864;405;2.0250;923917;204.832;-2;124;-25;1;0
350.964;406;2.0300;923468;204.733;-3;125;-24;1;0
351.064;406;2.0300;925497;205.183;-1;125;-25;1;0
351.164;407;2.0350;926130;205.323;-2;125;-25;1;0
351.264;408;2.0400;925177;205.112;-1;125;-25;1;0
351.364;408;2.0400;925369;205.154;-1;125;-26;1;0
351.464;409;2.0450;924816;205.032;-1;125;-25;1;0
351.564;410;2.0500;923805;204.808;-2;124;-24;1;0
351.664;410;2.0500;923253;204.685;-2;124;-25;1;0
351.764;411;2.0550;922555;204.530;-1;124;-25;1;0
351.864;412;2.0600;922582;204.536;-2;125;-25;1;0
351.964;412;2.0600;921748;204.352;-2;125;-25;1;0
352.064;413;2.0650;922527;204.524;-2;125;-25;1;0
352.164;414;2.0700;921349;204.263;-1;124;-25;1;0
352.264;414;2.0700;921410;204.277;-2;125;-25;1;0
352.364;415;2.0750;921632;204.326;-1;125;-24;1;0
352.464;416;2.0800;921687;204.338;-2;125;-26;1;0
352.564;416;2.0800;921824;204.368;-2;125;-26;1;0
352.664;417;2.0850;920365;204.045;-1;124;-26;1;0
352.764;418;2.0900;920448;204.063;-2;125;-24;1;0
352.864;418;2.0900;920064;203.978;-2;125;-26;1;0
352.964;419;2.0950;920272;204.024;-1;123;-25;1;0
353.064;420;2.1000;919954;203.954;-2;125;-26;1;0
353.164;420;2.1000;920018;203.968;-1;125;-25;1;0
353.264;421;2.1050;919604;203.876;-1;125;-25;1;0
353.364;422;2.1100;917924;203.504;-1;125;-25;1;0
353.464;422;2.1100;919721;203.902;-1;125;-25;1;0
353.564;423;2.1150;920812;204.144;-1;125;-25;1;0
353.664;424;2.1200;919411;203.833;-2;124;-24;1;0
353.764;424;2.1200;918100;203.543;-2;125;-25;1;0
353.864;425;2.1250;918084;203.539;-1;124;-26;1;0
353.964;426;2.1300;917888;203.496;-1;124;-25;1;0
354.064;426;2.1300;917776;203.471;-1;125;-25;1;0
354.164;427;2.1350;916942;203.286;-1;125;-25;1;0
354.264;428;2.1400;916877;203.272;-2;125;-25;1;0
354.364;428;2.1400;916243;203.131;-1;125;-24;1;0
354.464;429;2.1450;916056;203.090;-2;125;-25;1;0
354.564;430;2.1500;914381;202.718;-1;125;-24;1;0
354.664;430;2.1500;914687;202.786;-1;125;-25;1;0
354.764;431;2.1550;916523;203.193;-2;125;-25;1;0
354.864;432;2.1600;916978;203.294;-1;125;-26;1;0
354.964;432;2.1600;915882;203.051;-1;125;-25;1;0
355.064;433;2.1650;913658;202.558;-1;124;-24;1;0
355.164;434;2.1700;914682;202.785;-2;124;-25;1;0
355.264;434;2.1700;914785;202.808;-1;125;-25;1;0
355.364;435;2.1750;914712;202.792;-1;125;-25;1;0
355.464;436;2.1800;913996;202.633;-2;125;-25;1;0
355.564;436;2.1800;913189;202.454;-2;125;-24;1;0
355.664;437;2.1850;910850;201.935;-2;125;-25;1;0
355.764;438;2.1900;909516;201.640;-1;124;-25;1;0
355.864;438;2.1900;911865;202.160;-1;124;-26;1;0
355.964;439;2.1950;912202;202.235;-2;125;-25;1;0
356.064;440;2.2000;911536;202.088;-2;125;-24;1;0
356.164;440;2.2000;910688;201.900;-2;125;-27;1;0
356.264;441;2.2050;911510;202.082;-2;124;-25;1;0
356.364;442;2.2100;910268;201.806;-2;125;-25;1;0
356.464;442;2.2100;910176;201.786;-1;124;-25;1;0
356.564;443;2.2150;910278;201.809;-1;125;-25;1;0
356.664;444;2.2200;908110;201.328;-1;125;-25;1;0
356.764;444;2.2200;906896;201.059;-2;124;-25;1;0
356.864;445;2.2250;904984;200.635;-2;124;-24;1;0
356.964;446;2.2300;903703;200.351;-2;124;-24;1;0
357.064;446;2.2300;905660;200.785;-2;125;-24;1;0
357.164;447;2.2350;907962;201.295;-1;125;-25;1;0
357.264;448;2.2400;906961;201.073;-1;124;-25;1;0
357.364;448;2.2400;906193;200.903;-2;124;-25;1;0
357.464;449;2.2450;904049;200.428;-2;125;-26;1;0
357.564;450;2.2500;904179;200.456;-2;125;-25;1;0
357.664;450;2.2500;903975;200.411;-2;125;-25;1;0
357.764;451;2.2550;905207;200.684;-2;125;-24;1;0
357.864;452;2.2600;903820;200.377;-2;125;-26;1;0
357.964;452;2.2600;902552;200.096;-1;125;-24;1;0
358.064;453;2.2650;901295;199.817;-1;124;-25;1;0
358.164;454;2.2700;899885;199.505;-1;124;-25;1;0
358.264;454;2.2700;901803;199.930;-2;125;-24;1;0
358.364;455;2.2750;902036;199.981;-2;124;-25;1;0
358.464;456;2.2800;901997;199.973;-2;124;-26;1;0
358.564;456;2.2800;901586;199.882;-1;124;-25;1;0
358.664;457;2.2850;901434;199.848;-2;125;-25;1;0
358.764;458;2.2900;900289;199.594;-2;124;-25;1;0
358.864;458;2.2900;900428;199.625;-2;125;-26;1;0
358.964;459;2.2950;900292;199.595;-1;125;-25;1;0
359.064;460;2.3000;899909;199.510;-1;125;-25;1;0
359.164;460;2.3000;898711;199.244;-2;125;-26;1;0
359.264;461;2.3050;897681;199.016;-1;125;-26;1;0
359.364;462;2.3100;898315;199.156;-1;125;-25;1;0
359.464;462;2.3100;899181;199.348;-1;125;-24;1;0
359.564;463;2.3150;898158;199.122;-2;124;-26;1;0
359.664;464;2.3200;899686;199.460;-1;124;-25;1;0
359.764;464;2.3200;898406;199.177;-1;124;-24;1;0
359.864;465;2.3250;896549;198.765;-1;125;-25;1;0
359.964;466;2.3300;897690;199.018;0;125;-26;1;0
360.064;466;2.3300;898301;199.153;-1;124;-26;1;0
360.164;467;2.3350;898238;199.139;-1;125;-26;1;0
360.264;468;2.3400;897005;198.866;-2;125;-26;1;0
360.364;468;2.3400;897304;198.932;-1;124;-25;1;0
360.464;469;2.3450;896126;198.671;-1;125;-25;1;0
360.564;470;2.3500;895701;198.577;-2;126;-24;1;0
360.664;470;2.3500;897368;198.946;-2;125;-24;1;0
360.764;471;2.3550;897786;199.039;-1;125;-24;1;0
360.864;472;2.3600;897364;198.946;-1;125;-25;1;0
360.964;472;2.3600;897116;198.891;-1;125;-25;1;0
361.064;473;2.3650;894797;198.376;-1;125;-24;1;0
361.164;474;2.3700;895187;198.463;-2;125;-26;1;0
361.264;474;2.3700;897123;198.892;-2;124;-24;1;0
361.364;475;2.3750;896561;198.768;-1;125;-24;1;0
361.464;476;2.3800;896457;198.745;-2;125;-25;1;0
361.564;476;2.3800;895003;198.422;-2;125;-25;1;0
361.664;477;2.3850;894626;198.339;-2;124;-25;1;0
361.764;478;2.3900;893676;198.128;-1;124;-26;1;0
361.864;478;2.3900;894683;198.351;-1;125;-25;1;0
361.964;479;2.3950;895744;198.586;0;125;-26;1;0
362.064;480;2.4000;894207;198.246;-1;124;-26;1;0
362.164;480;2.4000;893220;198.027;-2;125;-25;1;0
362.264;481;2.4050;893682;198.129;-1;124;-26;1;0
362.364;482;2.4100;893919;198.182;-1;125;-24;1;0
362.464;482;2.4100;894186;198.241;-1;125;-26;1;0
362.564;483;2.4150;894070;198.215;-2;125;-26;1;0
362.664;484;2.4200;892660;197.903;-1;124;-25;1;0
362.764;484;2.4200;892355;197.835;-1;124;-26;1;0
362.864;485;2.4250;892064;197.771;-1;124;-24;1;0
362.964;486;2.4300;893133;198.008;-1;125;-25;1;0
363.064;486;2.4300;892467;197.860;-1;124;-24;1;0
363.164;487;2.4350;892454;197.857;-2;124;-25;1;0
363.264;488;2.4400;892698;197.911;-2;125;-24;1;0
363.364;488;2.4400;892088;197.776;-2;124;-25;1;0
363.464;489;2.4450;891783;197.708;-2;124;-26;1;0
363.564;490;2.4500;890599;197.446;-1;124;-26;1;0
363.664;490;2.4500;889675;197.241;-1;125;-25;1;0
363.764;491;2.4550;890130;197.342;-1;125;-25;1;0
363.864;492;2.4600;891456;197.636;-1;124;-25;1;0
363.964;492;2.4600;886716;196.585;-2;125;-25;1;0
364.064;493;2.4650;887536;196.767;-2;124;-25;1;0
364.164;494;2.4700;888110;196.894;-2;125;-25;1;0
364.264;494;2.4700;888637;197.011;-1;124;-26;1;0
364.364;495;2.4750;890457;197.414;-2;125;-25;1;0
364.464;496;2.4800;890543;197.433;-2;125;-25;1;0
364.564;496;2.4800;889785;197.265;-2;125;-25;1;0
364.664;497;2.4850;888426;196.964;-2;125;-26;1;0
364.764;498;2.4900;887059;196.661;-2;125;-24;1;0
364.864;498;2.4900;888205;196.915;-2;125;-25;1;0
364.964;499;2.4950;887881;196.843;-1;124;-25;1;0
365.064;500;2.5000;888023;196.875;-2;125;-24;1;0
365.164;500;2.5000;887737;196.811;-2;124;-26;1;0
365.264;501;2.5050;885780;196.377;-2;125;-25;1;0
365.364;502;2.5100;884384;196.068;-1;125;-26;1;0
365.464;502;2.5100;886508;196.539;-2;125;-25;1;0
365.564;503;2.5150;888139;196.900;-2;125;-25;1;0
365.664;504;2.5200;887210;196.694;-2;125;-24;1;0
365.764;504;2.5200;884480;196.089;-1;124;-26;1;0
365.864;505;2.5250;883659;195.907;-1;124;-24;1;0
365.964;506;2.5300;883984;195.979;-2;125;-25;1;0
366.064;506;2.5300;883829;195.945;0;124;-25;1;0
366.164;507;2.5350;883576;195.889;-1;125;-24;1;0
366.264;508;2.5400;882856;195.729;-1;124;-26;1;0
366.364;508;2.5400;881313;195.387;-2;125;-25;1;0
366.464;509;2.5450;880403;195.185;-1;124;-25;1;0
366.564;510;2.5500;880338;195.171;-2;124;-26;1;0
366.664;510;2.5500;880350;195.174;-2;125;-25;1;0
366.764;511;2.5550;881706;195.474;-2;125;-26;1;0
366.864;512;2.5600;880361;195.176;-2;125;-25;1;0
366.964;512;2.5600;879096;194.896;-2;124;-26;1;0
367.064;513;2.5650;877909;194.632;-1;125;-24;1;0
367.164;514;2.5700;877746;194.596;-2;125;-25;1;0
367.264;514;2.5700;877926;194.636;-1;124;-26;1;0
367.364;515;2.5750;878109;194.677;-1;125;-24;1;0
367.464;516;2.5800;877493;194.540;-2;125;-24;1;0
367.564;516;2.5800;876733;194.372;-1;125;-25;1;0
367.664;517;2.5850;875342;194.063;-1;125;-25;1;0
367.764;518;2.5900;875140;194.019;-1;125;-25;1;0
367.864;518;2.5900;875252;194.043;-2;125;-24;1;0
367.964;519;2.5950;877882;194.626;-1;125;-25;1;0
368.064;520;2.6000;879384;194.959;-1;124;-25;1;0
368.164;520;2.6000;877458;194.532;-1;125;-26;1;0
368.264;521;2.6050;875462;194.090;-2;124;-25;1;0
368.364;522;2.6100;875623;194.126;-2;125;-24;1;0
368.464;522;2.6100;876507;194.322;-1;124;-25;1;0
368.564;523;2.6150;877347;194.508;-1;125;-25;1;0
368.664;524;2.6200;877993;194.651;-1;124;-26;1;0
368.764;524;2.6200;878181;194.693;-1;125;-25;1;0
368.864;525;2.6250;878542;194.773;-1;125;-24;1;0
368.964;526;2.6300;879286;194.938;-1;124;-25;1;0
369.064;526;2.6300;879562;194.999;-2;125;-25;1;0
369.164;527;2.6350;881162;195.354;-1;125;-25;1;0
369.264;528;2.6400;880541;195.216;-3;124;-25;1;0
369.364;528;2.6400;880254;195.152;-2;125;-24;1;0
369.464;529;2.6450;879033;194.882;-2;125;-25;1;0
369.564;530;2.6500;878787;194.827;-1;124;-24;1;0
369.664;530;2.6500;879598;195.007;-2;124;-24;1;0
369.764;531;2.6550;880004;195.097;-1;125;-25;1;0
369.864;532;2.6600;879262;194.932;-1;125;-25;1;0
369.964;532;2.6600;879177;194.914;-1;124;-25;1;0
370.064;533;2.6650;877529;194.548;-1;125;-25;1;0
370.164;534;2.6700;876066;194.224;-2;125;-24;1;0
370.264;534;2.6700;877001;194.431;-1;125;-25;1;0
370.364;535;2.6750;880843;195.283;-2;124;-25;1;0
370.464;536;2.6800;880331;195.169;-1;124;-26;1;0
370.564;536;2.6800;877940;194.639;-1;125;-25;1;0
370.664;537;2.6850;878123;194.680;-2;125;-25;1;0
370.764;538;2.6900;878352;194.731;-2;125;-26;1;0
370.864;538;2.6900;877214;194.478;-2;125;-25;1;0
370.964;539;2.6950;876505;194.321;-1;125;-25;1;0
371.064;540;2.7000;877666;194.579;-2;125;-25;1;0
371.164;540;2.7000;877015;194.434;-2;125;-25;1;0
371.264;541;2.7050;875977;194.204;-2;124;-25;1;0
371.364;542;2.7100;876021;194.214;-1;125;-27;1;0
371.464;542;2.7100;877947;194.641;-2;126;-25;1;0
371.564;543;2.7150;877289;194.495;-1;125;-25;1;0
371.664;544;2.7200;878168;194.690;-2;124;-25;1;0
371.764;544;2.7200;877709;194.588;-2;124;-25;1;0
371.864;545;2.7250;875910;194.189;-2;125;-26;1;0
371.964;546;2.7300;876215;194.257;-2;126;-24;1;0
372.064;546;2.7300;876528;194.326;-1;124;-25;1;0
372.164;547;2.7350;876952;194.420;-1;125;-25;1;0
372.264;548;2.7400;876007;194.211;-1;125;-25;1;0
372.364;548;2.7400;874663;193.913;-2;124;-26;1;0
372.464;549;2.7450;875516;194.102;-3;125;-26;1;0
372.564;550;2.7500;874239;193.819;0;124;-25;1;0
372.664;550;2.7500;874430;193.861;-3;124;-25;1;0
372.764;551;2.7550;876904;194.410;-3;126;-25;1;0
372.864;552;2.7600;875041;193.997;0;124;-25;1;0
372.964;552;2.7600;874261;193.824;-2;124;-25;1;0
373.064;553;2.7650;874356;193.845;-2;125;-24;1;0
373.164;554;2.7700;873722;193.704;-1;127;-25;1;0
373.264;554;2.7700;875158;194.023;-1;123;-25;1;0
373.364;555;2.7750;875408;194.078;-2;128;-25;1;0
373.464;556;2.7800;875874;194.181;-2;124;-25;1;0
373.564;556;2.7800;873219;193.593;-1;125;-26;1;0
373.664;557;2.7850;872981;193.540;-1;124;-25;1;0
373.764;558;2.7900;871527;193.218;-2;125;-25;1;0
373.864;558;2.7900;872900;193.522;-1;125;-25;1;0
373.964;559;2.7950;874805;193.944;-2;125;-24;1;0
374.064;560;2.8000;874758;193.934;-1;125;-24;1;0
374.164;560;2.8000;874189;193.808;-1;125;-24;1;0
374.264;561;2.8050;872531;193.440;-2;125;-24;1;0
374.364;562;2.8100;872308;193.391;-1;124;-26;1;0
374.464;562;2.8100;872502;193.434;-2;125;-25;1;0
374.564;563;2.8150;872496;193.432;-1;124;-26;1;0
374.664;564;2.8200;872303;193.390;-2;125;-25;1;0
374.764;564;2.8200;871686;193.253;-1;124;-25;1;0
374.864;565;2.8250;871786;193.275;-2;125;-24;1;0
374.964;566;2.8300;871443;193.199;-1;125;-26;1;0
375.064;566;2.8300;872331;193.396;-2;125;-24;1;0
375.164;567;2.8350;873356;193.623;-1;124;-25;1;0
375.264;568;2.8400;874269;193.825;-2;125;-25;1;0
375.364;568;2.8400;873256;193.601;-1;125;-25;1;0
375.464;569;2.8450;872323;193.394;-1;125;-26;1;0
375.564;570;2.8500;870723;193.039;-2;125;-25;1;0
375.664;570;2.8500;870523;192.995;-1;124;-25;1;0
375.764;571;2.8550;870330;192.952;-2;125;-25;1;0
375.864;572;2.8600;870843;193.066;-1;125;-25;1;0
375.964;572;2.8600;869333;192.731;-1;124;-25;1;0
376.064;573;2.8650;869696;192.812;-2;125;-25;1;0
376.164;574;2.8700;870477;192.985;-2;124;-25;1;0
376.264;574;2.8700;872382;193.407;-1;124;-25;1;0
376.364;575;2.8750;871978;193.318;-2;124;-25;1;0
376.464;576;2.8800;870899;193.078;-3;125;-24;1;0
376.564;576;2.8800;871136;193.131;-2;125;-25;1;0
376.664;577;2.8850;870586;193.009;-1;125;-25;1;0
376.764;578;2.8900;870283;192.942;-1;124;-26;1;0
376.864;578;2.8900;871269;193.160;-2;125;-24;1;0
376.964;579;2.8950;871955;193.312;-2;124;-25;1;0
377.064;580;2.9000;870088;192.899;-2;125;-24;1;0
377.164;580;2.9000;869442;192.755;-1;124;-25;1;0
377.264;581;2.9050;868369;192.517;-2;124;-25;1;0
377.364;582;2.9100;866380;192.076;-2;125;-25;1;0
377.464;582;2.9100;867063;192.228;-2;124;-25;1;0
377.564;583;2.9150;867499;192.325;-1;124;-24;1;0
377.664;584;2.9200;869913;192.860;-2;125;-25;1;0
377.764;584;2.9200;868724;192.596;-2;125;-25;1;0
377.864;585;2.9250;867421;192.307;-1;124;-25;1;0
377.964;586;2.9300;866465;192.095;-2;125;-24;1;0
378.064;586;2.9300;868438;192.533;-1;123;-25;1;0
378.164;587;2.9350;869125;192.685;-2;124;-26;1;0
378.264;588;2.9400;869978;192.874;-2;125;-25;1;0
378.364;588;2.9400;868362;192.516;-2;124;-25;1;0
378.464;589;2.9450;864762;191.718;-2;124;-26;1;0
378.564;590;2.9500;864792;191.724;-2;124;-24;1;0
378.664;590;2.9500;867237;192.266;-2;125;-25;1;0
378.764;591;2.9550;867364;192.295;-2;125;-25;1;0
378.864;592;2.9600;867244;192.268;-3;125;-25;1;0
378.964;592;2.9600;868841;192.622;-2;124;-25;1;0
379.064;593;2.9650;867939;192.422;-1;125;-25;1;0
379.164;594;2.9700;864691;191.702;-1;125;-25;1;0
379.264;594;2.9700;867303;192.281;-2;124;-25;1;0
379.364;595;2.9750;867340;192.289;-2;124;-24;1;0
379.464;596;2.9800;866738;192.156;-1;124;-25;1;0
379.564;596;2.9800;865449;191.870;-2;125;-26;1;0
379.664;597;2.9850;864094;191.570;-1;124;-26;1;0
379.764;598;2.9900;863883;191.523;-2;124;-24;1;0
379.864;598;2.9900;865288;191.834;-3;126;-25;1;0
379.964;599;2.9950;865154;191.805;-2;126;-25;1;0
380.064;600;3.0000;865213;191.818;-2;125;-25;1;0
380.164;600;3.0000;863612;191.463;-2;125;-26;1;0
380.264;601;3.0050;862534;191.224;-1;125;-25;1;0
380.364;602;3.0100;863390;191.414;-2;125;-25;1;0
380.464;602;3.0100;863560;191.451;-1;124;-25;1;0
380.564;603;3.0150;862960;191.318;-2;125;-26;1;0
380.664;604;3.0200;862481;191.212;-2;125;-25;1;0
380.764;604;3.0200;860627;190.801;-2;125;-25;1;0
380.864;605;3.0250;860198;190.706;-2;124;-25;1;0
380.964;606;3.0300;861403;190.973;-2;125;-26;1;0
381.064;606;3.0300;862272;191.166;-2;124;-24;1;0
381.164;607;3.0350;861385;190.969;-2;125;-26;1;0
381.264;608;3.0400;862385;191.191;-1;126;-26;1;0
381.364;608;3.0400;862780;191.278;-1;124;-24;1;0
381.464;609;3.0450;861580;191.012;-2;125;-25;1;0
381.564;610;3.0500;861416;190.976;-2;126;-24;1;0
381.664;610;3.0500;860943;190.871;-1;125;-25;1;0
381.764;611;3.0550;861082;190.902;-1;124;-26;1;0
381.864;612;3.0600;860280;190.724;-1;125;-25;1;0
381.964;612;3.0600;860265;190.721;-1;125;-26;1;0
382.064;613;3.0650;859992;190.660;-2;125;-25;1;0
382.164;614;3.0700;859048;190.451;-1;125;-25;1;0
382.264;614;3.0700;859385;190.526;-1;124;-25;1;0
382.364;615;3.0750;859706;190.597;-2;124;-26;1;0
382.464;616;3.0800;859571;190.567;-2;126;-24;1;0
382.564;616;3.0800;858322;190.290;-2;125;-25;1;0
382.664;617;3.0850;858896;190.417;-2;124;-25;1;0
382.764;618;3.0900;858298;190.285;-2;125;-25;1;0
382.864;618;3.0900;859058;190.453;-2;125;-25;1;0
382.964;619;3.0950;859563;190.565;-1;125;-25;1;0
383.064;620;3.1000;858292;190.283;-1;125;-25;1;0
383.164;620;3.1000;857660;190.143;-2;124;-25;1;0
383.264;621;3.1050;856572;189.902;-2;125;-26;1;0
383.364;622;3.1100;857658;190.143;-2;125;-24;1;0
383.464;622;3.1100;859189;190.482;-2;125;-24;1;0
383.564;623;3.1150;859514;190.554;-2;124;-25;1;0
383.664;624;3.1200;858021;190.223;-1;125;-24;1;0
383.764;624;3.1200;858839;190.405;-2;124;-26;1;0
383.864;625;3.1250;859236;190.493;-1;124;-25;1;0
383.964;626;3.1300;858788;190.393;-1;124;-26;1;0
384.064;626;3.1300;857647;190.140;-1;125;-26;1;0
384.164;627;3.1350;857899;190.196;-2;125;-26;1;0
384.264;628;3.1400;857933;190.204;-1;125;-24;1;0
384.364;628;3.1400;857422;190.090;-2;126;-24;1;0
384.464;629;3.1450;858148;190.251;-2;124;-25;1;0
384.564;630;3.1500;856555;189.898;-1;125;-27;1;0
384.664;630;3.1500;856376;189.859;-2;125;-25;1;0
384.764;631;3.1550;856597;189.908;-1;125;-24;1;0
384.864;632;3.1600;858716;190.377;-1;125;-25;1;0
384.964;632;3.1600;858954;190.430;-2;124;-25;1;0
385.064;633;3.1650;856937;189.983;-2;124;-25;1;0
385.164;634;3.1700;856561;189.900;-2;125;-25;1;0
385.264;634;3.1700;858308;190.287;-2;124;-25;1;0
385.364;635;3.1750;858040;190.227;-1;124;-25;1;0
385.464;636;3.1800;855954;189.765;-1;124;-25;1;0
385.564;636;3.1800;855744;189.718;-1;125;-25;1;0
385.664;637;3.1850;853639;189.252;-2;124;-25;1;0
385.764;638;3.1900;853894;189.308;-1;125;-25;1;0
385.864;638;3.1900;855075;189.570;-2;125;-25;1;0
385.964;639;3.1950;855856;189.743;-1;125;-25;1;0
386.064;640;3.2000;856740;189.939;-3;125;-25;1;0
386.164;640;3.2000;855220;189.602;-1;124;-25;1;0
386.264;641;3.2050;854731;189.494;-2;124;-25;1;0
386.364;642;3.2100;854174;189.370;-1;124;-25;1;0
386.464;642;3.2100;854085;189.351;-2;124;-25;1;0
386.564;643;3.2150;854354;189.410;-1;125;-26;1;0
386.664;644;3.2200;853061;189.124;-2;125;-26;1;0
386.764;644;3.2200;851945;188.876;-3;125;-25;1;0
386.864;645;3.2250;852509;189.001;-2;124;-25;1;0
386.964;646;3.2300;851703;188.823;-2;124;-24;1;0
387.064;646;3.2300;851555;188.790;-3;125;-26;1;0
387.164;647;3.2350;850739;188.609;-1;125;-25;1;0
387.264;648;3.2400;847898;187.979;-1;124;-26;1;0
387.364;648;3.2400;847441;187.878;-2;125;-25;1;0
387.464;649;3.2450;847638;187.921;-2;125;-25;1;0
387.564;650;3.2500;844041;187.124;-2;124;-25;1;0
387.664;650;3.2500;845093;187.357;-2;124;-25;1;0
387.764;651;3.2550;845782;187.510;-1;124;-26;1;0
387.864;652;3.2600;845473;187.441;-2;124;-24;1;0
387.964;652;3.2600;844671;187.264;-2;124;-25;1;0
388.064;653;3.2650;842835;186.857;-1;125;-25;1;0
388.164;654;3.2700;844224;187.164;-1;125;-26;1;0
388.264;654;3.2700;844407;187.205;-2;125;-25;1;0
388.364;655;3.2750;843679;187.044;-1;125;-25;1;0
388.464;656;3.2800;843419;186.986;-2;125;-24;1;0
388.564;656;3.2800;843437;186.990;-2;125;-25;1;0
388.664;657;3.2850;843500;187.004;-1;124;-25;1;0
388.764;658;3.2900;842647;186.815;-3;125;-24;1;0
388.864;658;3.2900;843017;186.897;-1;124;-25;1;0
388.964;659;3.2950;843082;186.911;-1;124;-25;1;0
389.064;660;3.3000;842297;186.737;-1;124;-26;1;0
389.164;660;3.3000;842842;186.858;-2;125;-25;1;0
389.264;661;3.3050;842266;186.730;-1;124;-25;1;0
389.364;662;3.3100;841540;186.569;-2;125;-25;1;0
389.464;662;3.3100;843457;186.994;-2;125;-24;1;0
389.564;663;3.3150;843851;187.082;-2;125;-25;1;0
389.664;664;3.3200;845220;187.385;-3;124;-25;1;0
389.764;664;3.3200;845117;187.362;-2;124;-25;1;0
389.864;665;3.3250;844552;187.237;-1;125;-24;1;0
389.964;666;3.3300;845361;187.417;-1;124;-26;1;0
390.064;666;3.3300;846008;187.560;-1;125;-25;1;0
390.164;667;3.3350;845561;187.461;-1;125;-26;1;0
390.264;668;3.3400;845001;187.337;-2;125;-24;1;0
390.364;668;3.3400;843100;186.915;-1;125;-25;1;0
390.464;669;3.3450;843960;187.106;-1;125;-25;1;0
390.564;670;3.3500;844452;187.215;-3;126;-26;1;0
390.664;670;3.3500;845233;187.388;-1;125;-25;1;0
390.764;671;3.3550;847867;187.972;-2;125;-25;1;0
390.864;672;3.3600;848040;188.010;-1;124;-26;1;0
390.964;672;3.3600;847385;187.865;-1;124;-26;1;0
391.064;673;3.3650;846113;187.583;-2;125;-24;1;0
391.164;674;3.3700;846267;187.617;-1;124;-24;1;0
391.264;674;3.3700;847629;187.919;-2;126;-24;1;0
391.364;675;3.3750;848412;188.093;-2;125;-26;1;0
391.464;676;3.3800;845940;187.545;-2;125;-24;1;0
391.564;676;3.3800;843741;187.057;-2;125;-26;1;0
391.664;677;3.3850;843788;187.068;-1;124;-25;1;0
391.764;678;3.3900;843333;186.967;-1;125;-27;1;0
391.864;678;3.3900;846350;187.636;-2;125;-25;1;0
391.964;679;3.3950;846194;187.601;-1;124;-25;1;0
392.064;680;3.4000;847243;187.834;-2;125;-25;1;0
392.164;680;3.4000;847786;187.954;-2;125;-25;1;0
392.264;681;3.4050;847669;187.928;-1;125;-25;1;0
392.364;682;3.4100;845893;187.534;-3;125;-25;1;0
392.464;682;3.4100;844699;187.270;-1;124;-25;1;0
392.564;683;3.4150;845956;187.548;-1;124;-26;1;0
392.664;684;3.4200;847067;187.795;-2;125;-26;1;0
392.764;684;3.4200;847361;187.860;-1;125;-26;1;0
392.864;685;3.4250;846041;187.567;-2;125;-25;1;0
392.964;686;3.4300;845694;187.490;-2;124;-25;1;0
393.064;686;3.4300;846638;187.700;-2;125;-25;1;0
393.164;687;3.4350;846428;187.653;-1;125;-26;1;0
393.264;688;3.4400;845250;187.392;-3;126;-25;1;0
393.364;688;3.4400;845196;187.380;-1;125;-24;1;0
393.464;689;3.4450;845433;187.432;-2;124;-25;1;0
393.564;690;3.4500;845916;187.540;-1;124;-26;1;0
393.664;690;3.4500;844934;187.322;-1;124;-25;1;0
393.764;691;3.4550;845435;187.433;-2;125;-25;1;0
393.864;692;3.4600;845463;187.439;-2;125;-25;1;0
393.964;692;3.4600;845037;187.345;-2;125;-25;1;0
394.064;693;3.4650;844143;187.147;-2;125;-25;1;0
394.164;694;3.4700;844534;187.233;-1;125;-24;1;0
394.264;694;3.4700;845972;187.552;-1;124;-25;1;0
394.364;695;3.4750;846079;187.576;-2;125;-24;1;0
394.464;696;3.4800;846010;187.560;-1;124;-26;1;0
394.564;696;3.4800;844051;187.126;-1;125;-26;1;0
394.664;697;3.4850;843112;186.918;-2;125;-25;1;0
394.764;698;3.4900;841666;186.597;-2;124;-26;1;0
394.864;698;3.4900;842894;186.870;-2;124;-25;1;0
394.964;699;3.4950;843976;187.109;-1;124;-26;1;0
395.064;700;3.5000;843724;187.054;-1;124;-25;1;0
395.164;700;3.5000;843622;187.031;-1;124;-25;1;0
395.264;701;3.5050;842733;186.834;-2;125;-25;1;0
395.364;702;3.5100;842005;186.673;-1;125;-26;1;0
395.464;702;3.5100;842809;186.851;-2;125;-26;1;0
395.564;703;3.5150;843821;187.075;-2;125;-26;1;0
395.664;704;3.5200;844577;187.243;-2;124;-24;1;0
395.764;704;3.5200;845299;187.403;-2;124;-26;1;0
395.864;705;3.5250;843709;187.050;-2;125;-26;1;0
395.964;706;3.5300;843182;186.933;-2;124;-24;1;0
396.064;706;3.5300;842099;186.693;-2;125;-25;1;0
396.164;707;3.5350;843955;187.105;-2;125;-25;1;0
396.264;708;3.5400;843478;186.999;-1;125;-26;1;0
396.364;708;3.5400;842918;186.875;-1;127;-26;1;0
396.464;709;3.5450;842721;186.831;-1;126;-25;1;0
396.564;710;3.5500;841584;186.579;-1;125;-25;1;0
396.664;710;3.5500;842409;186.762;-3;125;-25;1;0
396.764;711;3.5550;843288;186.957;-2;125;-25;1;0
396.864;712;3.5600;843712;187.051;-2;125;-25;1;0
396.964;712;3.5600;844795;187.291;-2;124;-25;1;0
397.064;713;3.5650;843005;186.894;-2;124;-24;1;0
397.164;714;3.5700;843017;186.897;-1;124;-25;1;0
397.264;714;3.5700;844134;187.145;-2;124;-24;1;0
397.364;715;3.5750;843933;187.100;-2;125;-25;1;0
397.464;716;3.5800;843214;186.941;-2;125;-24;1;0
397.564;716;3.5800;842100;186.694;-1;124;-26;1;0
397.664;717;3.5850;841545;186.571;-2;124;-25;1;0
397.764;718;3.5900;840510;186.341;-2;124;-25;1;0
397.864;718;3.5900;840510;186.341;-2;125;-25;1;0
397.964;719;3.5950;842361;186.751;-2;125;-25;1;0
398.064;720;3.6000;842381;186.756;-1;123;-26;1;0
398.164;720;3.6000;841334;186.524;-1;124;-25;1;0
398.264;721;3.6050;841549;186.571;-1;124;-25;1;0
398.364;722;3.6100;841073;186.466;-1;124;-24;1;0
398.464;722;3.6100;841023;186.455;-2;124;-25;1;0
398.564;723;3.6150;840809;186.407;-1;125;-25;1;0
398.664;724;3.6200;841385;186.535;-2;124;-24;1;0
398.764;724;3.6200;841149;186.483;-1;124;-26;1;0
398.864;725;3.6250;840945;186.438;-1;125;-26;1;0
398.964;726;3.6300;841084;186.468;-1;124;-26;1;0
399.064;726;3.6300;841749;186.616;-2;124;-25;1;0
399.164;727;3.6350;841954;186.661;-2;125;-25;1;0
399.264;728;3.6400;841731;186.612;-3;124;-24;1;0
399.364;728;3.6400;841061;186.463;-1;125;-24;1;0
399.464;729;3.6450;840896;186.427;-2;125;-24;1;0
399.564;730;3.6500;839959;186.219;-2;126;-24;1;0
399.664;730;3.6500;841015;186.453;-2;125;-25;1;0
399.764;731;3.6550;842177;186.711;-1;125;-26;1;0
399.864;732;3.6600;841326;186.522;-2;124;-25;1;0
399.964;732;3.6600;840323;186.300;-1;125;-25;1;0
400.064;733;3.6650;839388;186.092;-1;125;-24;1;0
400.164;734;3.6700;840295;186.293;-2;125;-25;1;0
400.264;734;3.6700;839782;186.180;-1;125;-25;1;0
400.364;735;3.6750;840546;186.349;-1;125;-25;1;0
400.464;736;3.6800;839930;186.212;-2;125;-25;1;0
400.564;736;3.6800;839622;186.144;-1;124;-24;1;0
400.664;737;3.6850;838736;185.948;-1;124;-25;1;0
400.764;738;3.6900;839110;186.031;-1;125;-26;1;0
400.864;738;3.6900;840056;186.240;-2;125;-25;1;0
400.964;739;3.6950;840499;186.339;-1;125;-25;1;0
401.064;740;3.7000;841298;186.516;-1;124;-25;1;0
401.164;740;3.7000;840726;186.389;-2;125;-24;1;0
401.264;741;3.7050;839384;186.091;-2;125;-25;1;0
401.364;742;3.7100;839783;186.180;-1;125;-25;1;0
401.464;742;3.7100;839995;186.227;-1;125;-25;1;0
401.564;743;3.7150;839816;186.187;-2;124;-25;1;0
401.664;744;3.7200;839805;186.185;-1;125;-25;1;0
401.764;744;3.7200;841756;186.617;-2;125;-25;1;0
401.864;745;3.7250;840221;186.277;-1;124;-24;1;0
401.964;746;3.7300;839713;186.164;-2;125;-25;1;0
402.064;746;3.7300;841004;186.451;-1;124;-24;1;0
402.164;747;3.7350;841381;186.534;-2;125;-26;1;0
402.264;748;3.7400;840747;186.394;-1;125;-25;1;0
402.364;748;3.7400;840227;186.278;-1;125;-25;1;0
402.464;749;3.7450;840060;186.241;-1;125;-25;1;0
402.564;750;3.7500;839114;186.032;-2;124;-25;1;0
402.664;750;3.7500;840515;186.342;-1;125;-25;1;0
402.764;751;3.7550;840462;186.330;-2;125;-27;1;0
402.864;752;3.7600;840985;186.446;-1;125;-24;1;0
402.964;752;3.7600;841606;186.584;-2;126;-25;1;0
403.064;753;3.7650;840019;186.232;-2;124;-25;1;0
403.164;754;3.7700;838230;185.836;-2;124;-24;1;0
403.264;754;3.7700;838339;185.860;-2;124;-25;1;0
403.364;755;3.7750;840473;186.333;-1;124;-25;1;0
403.464;756;3.7800;839940;186.215;-2;125;-26;1;0
403.564;756;3.7800;838649;185.928;-1;125;-26;1;0
403.664;757;3.7850;838649;185.928;-1;125;-25;1;0
403.764;758;3.7900;837572;185.690;-2;124;-24;1;0
403.864;758;3.7900;837715;185.721;-2;125;-24;1;0
403.964;759;3.7950;839819;186.188;-2;124;-26;1;0
404.064;760;3.8000;840632;186.368;-2;125;-25;1;0
404.164;760;3.8000;839168;186.044;-2;125;-24;1;0
404.264;761;3.8050;839168;186.044;-2;125;-25;1;0
404.364;762;3.8100;840337;186.303;-2;125;-27;1;0
404.464;762;3.8100;840332;186.302;-1;126;-26;1;0
404.564;763;3.8150;839046;186.016;-1;123;-25;1;0
404.664;764;3.8200;839222;186.056;-2;125;-24;1;0
404.764;764;3.8200;839654;186.151;-2;125;-26;1;0
404.864;765;3.8250;837442;185.661;-2;125;-25;1;0
404.964;766;3.8300;836782;185.515;-1;125;-25;1;0
405.064;766;3.8300;837782;185.736;-2;125;-25;1;0
405.164;767;3.8350;838485;185.892;-1;124;-25;1;0
405.264;768;3.8400;839464;186.109;-2;124;-25;1;0
405.364;768;3.8400;839279;186.068;-1;125;-25;1;0
405.464;769;3.8450;837327;185.635;-1;124;-26;1;0
405.564;770;3.8500;837618;185.700;-2;125;-24;1;0
405.664;770;3.8500;837318;185.633;-2;125;-25;1;0
405.764;771;3.8550;839468;186.110;-1;125;-24;1;0
405.864;772;3.8600;839049;186.017;-1;125;-25;1;0
405.964;772;3.8600;837161;185.599;-1;125;-25;1;0
406.064;773;3.8650;836869;185.534;-2;125;-24;1;0
406.164;774;3.8700;836997;185.562;-2;125;-25;1;0
406.264;774;3.8700;838470;185.889;-1;125;-26;1;0
406.364;775;3.8750;839177;186.046;-2;124;-25;1;0
406.464;776;3.8800;838581;185.913;-2;125;-24;1;0
406.564;776;3.8800;837425;185.657;-2;125;-25;1;0
406.664;777;3.8850;836762;185.510;-1;125;-24;1;0
406.764;778;3.8900;836524;185.457;-2;125;-25;1;0
406.864;778;3.8900;836775;185.513;-1;125;-25;1;0
406.964;779;3.8950;836427;185.436;-2;125;-25;1;0
407.064;780;3.9000;836737;185.505;-1;124;-25;1;0
407.164;780;3.9000;837290;185.627;-1;125;-25;1;0
407.264;781;3.9050;835816;185.300;-1;125;-25;1;0
407.364;782;3.9100;836106;185.365;-2;125;-24;1;0
407.464;782;3.9100;837302;185.630;-1;124;-25;1;0
407.564;783;3.9150;838486;185.892;-1;125;-26;1;0
407.664;784;3.9200;836795;185.517;-1;125;-25;1;0
407.764;784;3.9200;835712;185.277;-2;125;-25;1;0
407.864;785;3.9250;835535;185.238;-2;125;-25;1;0
407.964;786;3.9300;836295;185.407;-2;124;-25;1;0
408.064;786;3.9300;836227;185.392;-1;125;-25;1;0
408.164;787;3.9350;836172;185.379;-2;125;-25;1;0
408.264;788;3.9400;834786;185.072;-2;124;-25;1;0
408.364;788;3.9400;833625;184.815;-1;124;-24;1;0
408.464;789;3.9450;833292;184.741;-2;124;-24;1;0
408.564;790;3.9500;833168;184.713;-2;125;-25;1;0
408.664;790;3.9500;834021;184.902;-1;124;-25;1;0
408.764;791;3.9550;833689;184.829;-2;125;-24;1;0
408.864;792;3.9600;833728;184.837;-2;124;-26;1;0
408.964;792;3.9600;833228;184.727;-2;125;-25;1;0
409.064;793;3.9650;831122;184.260;-2;124;-25;1;0
409.164;794;3.9700;831654;184.378;-2;126;-25;1;0
409.264;794;3.9700;831763;184.402;-2;124;-24;1;0
409.364;795;3.9750;831570;184.359;-1;125;-25;1;0
409.464;796;3.9800;830359;184.091;-1;125;-25;1;0
409.564;796;3.9800;829706;183.946;-1;124;-25;1;0
409.664;797;3.9850;829142;183.821;-2;124;-26;1;0
409.764;798;3.9900;828336;183.642;-1;125;-25;1;0
409.864;798;3.9900;827782;183.519;-2;125;-26;1;0
409.964;799;3.9950;828400;183.656;-2;125;-24;1;0
410.064;800;4.0000;828605;183.702;-2;125;-25;1;0
410.164;800;4.0000;827680;183.497;-2;125;-25;1;0
410.264;801;4.0050;827185;183.387;-1;124;-26;1;0
410.364;802;4.0100;824837;182.866;-2;125;-26;1;0
410.464;802;4.0100;825901;183.102;-1;125;-25;1;0
410.564;803;4.0150;827617;183.483;-1;124;-24;1;0
410.664;804;4.0200;828528;183.685;-1;125;-25;1;0
410.764;804;4.0200;826366;183.205;-1;124;-25;1;0
410.864;805;4.0250;825080;182.920;-2;124;-24;1;0
410.964;806;4.0300;826501;183.235;-2;124;-24;1;0
411.064;806;4.0300;828805;183.746;-1;125;-25;1;0
411.164;807;4.0350;828539;183.687;-1;124;-26;1;0
411.264;808;4.0400;827727;183.507;-1;125;-25;1;0
411.364;808;4.0400;829316;183.859;-1;125;-25;1;0
411.464;809;4.0450;828811;183.747;-1;124;-25;1;0
411.564;810;4.0500;830027;184.017;-2;125;-25;1;0
411.664;810;4.0500;829164;183.826;-2;124;-25;1;0
411.764;811;4.0550;827785;183.520;-2;125;-25;1;0
411.864;812;4.0600;828273;183.628;-2;124;-24;1;0
411.964;812;4.0600;829389;183.876;-2;125;-24;1;0
412.064;813;4.0650;828369;183.649;-2;125;-25;1;0
412.164;814;4.0700;828432;183.663;-1;125;-26;1;0
412.264;814;4.0700;830935;184.218;-3;125;-25;1;0
412.364;815;4.0750;832187;184.496;-1;125;-25;1;0
412.464;816;4.0800;831562;184.357;-1;125;-26;1;0
412.564;816;4.0800;831505;184.345;-2;125;-25;1;0
412.664;817;4.0850;831446;184.332;-1;125;-26;1;0
412.764;818;4.0900;830023;184.016;-2;125;-25;1;0
412.864;818;4.0900;830998;184.232;-1;124;-26;1;0
412.964;819;4.0950;831127;184.261;-2;125;-25;1;0
413.064;820;4.1000;831167;184.270;-1;125;-25;1;0
413.164;820;4.1000;830089;184.031;-2;125;-25;1;0
413.264;821;4.1050;829583;183.919;-1;124;-25;1;0
413.364;822;4.1100;829749;183.955;-1;125;-25;1;0
413.464;822;4.1100;830031;184.018;-2;125;-25;1;0
413.564;823;4.1150;830606;184.145;-2;125;-25;1;0
413.664;824;4.1200;831842;184.419;-2;124;-24;1;0
413.764;824;4.1200;832761;184.623;-2;124;-24;1;0
413.864;825;4.1250;831900;184.432;-1;124;-25;1;0
413.964;826;4.1300;832127;184.483;-2;125;-25;1;0
414.064;826;4.1300;832071;184.470;-1;124;-25;1;0
414.164;827;4.1350;833080;184.694;-2;126;-25;1;0
414.264;828;4.1400;833448;184.775;-1;125;-25;1;0
414.364;828;4.1400;832309;184.523;-2;124;-25;1;0
414.464;829;4.1450;831246;184.287;-1;125;-25;1;0
414.564;830;4.1500;830969;184.226;-2;125;-24;1;0
414.664;830;4.1500;832530;184.572;-2;125;-25;1;0
414.764;831;4.1550;832762;184.623;-1;124;-26;1;0
414.864;832;4.1600;833736;184.839;-2;125;-24;1;0
414.964;832;4.1600;833439;184.773;-1;124;-26;1;0
415.064;833;4.1650;831964;184.446;-2;124;-24;1;0
415.164;834;4.1700;831733;184.395;-1;124;-26;1;0
415.264;834;4.1700;832062;184.468;-1;125;-25;1;0
415.364;835;4.1750;833486;184.784;-2;125;-27;1;0
415.464;836;4.1800;833193;184.719;-2;125;-25;1;0
415.564;836;4.1800;831853;184.422;-2;125;-24;1;0
415.664;837;4.1850;831092;184.253;-2;125;-25;1;0
415.764;838;4.1900;831133;184.262;-2;125;-26;1;0
415.864;838;4.1900;833620;184.814;-1;125;-24;1;0
415.964;839;4.1950;834539;185.017;-2;125;-25;1;0
416.064;840;4.2000;834093;184.918;-2;126;-25;1;0
416.164;840;4.2000;834066;184.912;-2;124;-24;1;0
416.264;841;4.2050;833189;184.718;-1;125;-25;1;0
416.364;842;4.2100;831599;184.365;-2;125;-24;1;0
416.464;842;4.2100;832515;184.569;-1;124;-26;1;0
416.564;843;4.2150;833174;184.715;-1;125;-24;1;0
416.664;844;4.2200;833068;184.691;-1;125;-24;1;0
416.764;844;4.2200;832211;184.501;-2;125;-25;1;0
416.864;845;4.2250;831149;184.266;-2;125;-26;1;0
416.964;846;4.2300;830780;184.184;-1;124;-26;1;0
417.064;846;4.2300;832403;184.544;-2;125;-25;1;0
417.164;847;4.2350;833850;184.865;-2;124;-25;1;0
417.264;848;4.2400;833673;184.825;-3;125;-24;1;0
417.364;848;4.2400;832628;184.594;-2;125;-26;1;0
417.464;849;4.2450;832226;184.505;-1;125;-26;1;0
417.564;850;4.2500;831063;184.247;-1;125;-25;1;0
417.664;850;4.2500;832522;184.570;-1;125;-25;1;0
417.764;851;4.2550;831015;184.236;-2;125;-25;1;0
417.864;852;4.2600;831680;184.383;-2;124;-25;1;0
417.964;852;4.2600;830854;184.200;-2;125;-24;1;0
418.064;853;4.2650;830707;184.168;-2;125;-25;1;0
418.164;854;4.2700;831001;184.233;-2;125;-24;1;0
418.264;854;4.2700;832420;184.548;-1;124;-25;1;0
418.364;855;4.2750;832512;184.568;-1;124;-25;1;0
418.464;856;4.2800;832090;184.474;-1;125;-24;1;0
418.564;856;4.2800;831835;184.418;-1;125;-26;1;0
418.664;857;4.2850;831736;184.396;-1;125;-25;1;0
418.764;858;4.2900;831627;184.372;-2;124;-26;1;0
418.864;858;4.2900;832135;184.484;-2;124;-25;1;0
418.964;859;4.2950;833492;184.785;-1;125;-26;1;0
419.064;860;4.3000;832662;184.601;-1;125;-25;1;0
419.164;860;4.3000;832010;184.457;-1;124;-25;1;0
419.264;861;4.3050;830188;184.053;-2;124;-25;1;0
419.364;862;4.3100;831153;184.267;-1;124;-25;1;0
419.464;862;4.3100;831180;184.273;-2;125;-25;1;0
419.564;863;4.3150;831761;184.401;-1;124;-25;1;0
419.664;864;4.3200;831315;184.303;-1;124;-25;1;0
419.764;864;4.3200;831170;184.270;-1;124;-25;1;0
419.864;865;4.3250;830276;184.072;-2;125;-25;1;0
419.964;866;4.3300;830415;184.103;-1;125;-24;1;0
420.064;866;4.3300;830488;184.119;-1;125;-25;1;0
420.164;867;4.3350;830640;184.153;-1;125;-26;1;0
420.264;868;4.3400;830486;184.119;-2;125;-26;1;0
420.364;868;4.3400;830291;184.076;-1;125;-25;1;0
420.464;869;4.3450;830723;184.171;-3;124;-25;1;0
420.564;870;4.3500;830605;184.145;-2;124;-25;1;0
420.664;870;4.3500;831364;184.313;-1;124;-25;1;0
420.764;871;4.3550;832955;184.666;-1;124;-25;1;0
420.864;872;4.3600;832262;184.512;-2;124;-24;1;0
420.964;872;4.3600;830826;184.194;-2;125;-25;1;0
421.064;873;4.3650;830189;184.053;-2;124;-25;1;0
421.164;874;4.3700;831104;184.256;-2;125;-25;1;0
421.264;874;4.3700;831877;184.427;-2;125;-26;1;0
421.364;875;4.3750;831918;184.436;-1;125;-25;1;0
421.464;876;4.3800;830096;184.032;-2;125;-26;1;0
421.564;876;4.3800;829889;183.986;-2;125;-25;1;0
421.664;877;4.3850;830132;184.040;-3;125;-26;1;0
421.764;878;4.3900;829393;183.876;-2;125;-24;1;0
421.864;878;4.3900;829977;184.006;-1;125;-26;1;0
421.964;879;4.3950;831572;184.360;-2;125;-26;1;0
422.064;880;4.4000;830875;184.205;-2;125;-25;1;0
422.164;880;4.4000;830689;184.164;-2;124;-24;1;0
422.264;881;4.4050;830306;184.079;-2;125;-25;1;0
422.364;882;4.4100;828763;183.737;-1;124;-25;1;0
422.464;882;4.4100;829336;183.864;-2;125;-25;1;0
422.564;883;4.4150;829359;183.869;-1;125;-24;1;0
422.664;884;4.4200;830119;184.037;-2;125;-24;1;0
422.764;884;4.4200;829660;183.936;-2;125;-25;1;0
422.864;885;4.4250;829402;183.878;-1;125;-25;1;0
422.964;886;4.4300;828225;183.617;-1;125;-24;1;0
423.064;886;4.4300;829583;183.919;-1;124;-26;1;0
423.164;887;4.4350;830038;184.019;-2;124;-25;1;0
423.264;888;4.4400;830436;184.108;-2;124;-25;1;0
423.364;888;4.4400;830581;184.140;-2;125;-24;1;0
423.464;889;4.4450;827896;183.545;-2;124;-25;1;0
423.564;890;4.4500;829069;183.805;-2;125;-25;1;0
423.664;890;4.4500;829641;183.931;-2;125;-25;1;0
423.764;891;4.4550;831812;184.413;-2;125;-25;1;0
423.864;892;4.4600;830246;184.066;-1;124;-26;1;0
423.964;892;4.4600;827875;183.540;-1;124;-26;1;0
424.064;893;4.4650;828237;183.620;-3;125;-25;1;0
424.164;894;4.4700;828608;183.702;-1;124;-25;1;0
424.264;894;4.4700;830122;184.038;-2;124;-26;1;0
424.364;895;4.4750;829540;183.909;-1;124;-25;1;0
424.464;896;4.4800;829234;183.841;-2;124;-24;1;0
424.564;896;4.4800;830048;184.022;-2;124;-26;1;0
424.664;897;4.4850;828786;183.742;-1;124;-25;1;0
424.764;898;4.4900;826927;183.330;-2;126;-25;1;0
424.864;898;4.4900;828202;183.612;-2;125;-25;1;0
424.964;899;4.4950;830088;184.031;-2;125;-25;1;0
425.064;900;4.5000;829971;184.005;-1;125;-26;1;0
425.164;900;4.5000;828117;183.594;-1;124;-25;1;0
425.264;901;4.5050;827915;183.549;-1;124;-26;1;0
425.364;902;4.5100;828072;183.584;-2;124;-25;1;0
425.464;902;4.5100;829221;183.838;-1;124;-26;1;0
425.564;903;4.5150;830479;184.117;-2;125;-25;1;0
425.664;904;4.5200;830436;184.108;-2;124;-26;1;0
425.764;904;4.5200;830974;184.227;-2;125;-25;1;0
425.864;905;4.5250;830974;184.227;-1;124;-26;1;0
425.964;906;4.5300;827416;183.438;-2;124;-26;1;0
426.064;906;4.5300;827753;183.513;-2;125;-25;1;0
426.164;907;4.5350;829566;183.915;-1;125;-25;1;0
426.264;908;4.5400;828555;183.691;-2;125;-26;1;0
426.364;908;4.5400;827608;183.481;-2;125;-25;1;0
426.464;909;4.5450;826362;183.204;-1;124;-25;1;0
426.564;910;4.5500;826468;183.228;-3;125;-25;1;0
426.664;910;4.5500;829462;183.892;-1;124;-25;1;0
426.764;911;4.5550;830528;184.128;-2;125;-25;1;0
426.864;912;4.5600;829212;183.836;-2;125;-26;1;0
426.964;912;4.5600;827495;183.456;-1;125;-25;1;0
427.064;913;4.5650;827460;183.448;-1;124;-25;1;0
427.164;914;4.5700;827398;183.434;-2;125;-25;1;0
427.264;914;4.5700;828276;183.629;-2;124;-25;1;0
427.364;915;4.5750;828707;183.724;-1;125;-25;1;0
427.464;916;4.5800;829067;183.804;-2;124;-25;1;0
427.564;916;4.5800;827976;183.562;-1;125;-25;1;0
427.664;917;4.5850;826741;183.288;-1;124;-26;1;0
427.764;918;4.5900;825593;183.034;-1;124;-26;1;0
427.864;918;4.5900;828000;183.568;-2;125;-25;1;0
427.964;919;4.5950;827722;183.506;-2;125;-24;1;0
428.064;920;4.6000;828435;183.664;-2;125;-25;1;0
428.164;920;4.6000;828014;183.571;-2;125;-26;1;0
428.264;921;4.6050;827679;183.496;-2;125;-25;1;0
428.364;922;4.6100;827591;183.477;-2;125;-25;1;0
428.464;922;4.6100;827534;183.464;-2;124;-25;1;0
428.564;923;4.6150;827872;183.539;-2;125;-25;1;0
428.664;924;4.6200;826643;183.267;-1;124;-26;1;0
428.764;924;4.6200;825457;183.004;-1;125;-26;1;0
428.864;925;4.6250;825140;182.934;-2;125;-25;1;0
428.964;926;4.6300;825703;183.058;-2;125;-24;1;0
429.064;926;4.6300;826328;183.197;-2;124;-25;1;0
429.164;927;4.6350;825868;183.095;-1;125;-25;1;0
429.264;928;4.6400;826543;183.245;-2;125;-25;1;0
429.364;928;4.6400;826507;183.237;-1;124;-25;1;0
429.464;929;4.6450;826146;183.157;-1;124;-24;1;0
429.564;930;4.6500;824925;182.886;-2;125;-26;1;0
429.664;930;4.6500;824507;182.793;-1;125;-25;1;0
429.764;931;4.6550;825780;183.075;-1;124;-26;1;0
429.864;932;4.6600;824968;182.895;-2;126;-25;1;0
429.964;932;4.6600;825422;182.996;-1;125;-25;1;0
430.064;933;4.6650;824650;182.825;-2;124;-25;1;0
430.164;934;4.6700;824752;182.848;-3;125;-25;1;0
430.264;934;4.6700;825632;183.043;-2;125;-25;1;0
430.364;935;4.6750;826468;183.228;-1;124;-25;1;0
430.464;936;4.6800;825356;182.981;-2;125;-26;1;0
430.564;936;4.6800;825231;182.954;-2;125;-24;1;0
430.664;937;4.6850;824254;182.737;-2;125;-26;1;0
430.764;938;4.6900;823074;182.476;-2;124;-25;1;0
430.864;938;4.6900;824454;182.781;-2;125;-26;1;0
430.964;939;4.6950;825784;183.076;-1;125;-25;1;0
431.064;940;4.7000;825855;183.092;-1;125;-25;1;0
431.164;940;4.7000;823487;182.567;-2;124;-26;1;0
431.264;941;4.7050;821646;182.159;-2;125;-25;1;0
431.364;942;4.7100;820807;181.973;-1;124;-25;1;0
431.464;942;4.7100;821274;182.076;-2;123;-25;1;0
431.564;943;4.7150;822317;182.308;-2;125;-26;1;0
431.664;944;4.7200;821696;182.170;-2;125;-25;1;0
431.764;944;4.7200;821114;182.041;-2;125;-26;1;0
431.864;945;4.7250;819635;181.713;-2;125;-24;1;0
431.964;946;4.7300;819182;181.613;-2;125;-24;1;0
432.064;946;4.7300;820731;181.956;-2;125;-25;1;0
432.164;947;4.7350;820717;181.953;-1;125;-25;1;0
432.264;948;4.7400;818898;181.550;-1;124;-26;1;0
432.364;948;4.7400;817372;181.211;-1;125;-26;1;0
432.464;949;4.7450;816487;181.015;-3;125;-25;1;0
432.564;950;4.7500;816117;180.933;-2;125;-26;1;0
432.664;950;4.7500;816979;181.124;-2;125;-26;1;0
432.764;951;4.7550;816302;180.974;-2;124;-25;1;0
432.864;952;4.7600;816981;181.125;-1;124;-25;1;0
432.964;952;4.7600;817013;181.132;-2;125;-26;1;0
433.064;953;4.7650;817475;181.234;-2;124;-25;1;0
433.164;954;4.7700;816974;181.123;-1;125;-25;1;0
433.264;954;4.7700;814905;180.664;-2;125;-25;1;0
433.364;955;4.7750;815708;180.842;-2;125;-25;1;0
433.464;956;4.7800;815815;180.866;-2;125;-25;1;0
433.564;956;4.7800;816225;180.957;-3;125;-25;1;0
433.664;957;4.7850;815420;180.779;-2;124;-26;1;0
433.764;958;4.7900;813730;180.404;-2;125;-25;1;0
433.864;958;4.7900;814563;180.589;-1;125;-25;1;0
433.964;959;4.7950;816860;181.098;-2;125;-26;1;0
434.064;960;4.8000;816910;181.109;-1;125;-26;1;0
434.164;960;4.8000;816971;181.122;-2;125;-25;1;0
434.264;961;4.8050;815573;180.813;-1;124;-25;1;0
434.364;962;4.8100;815400;180.774;-2;125;-25;1;0
434.464;962;4.8100;815293;180.750;-2;125;-25;1;0
434.564;963;4.8150;814431;180.559;-1;125;-26;1;0
434.664;964;4.8200;815948;180.896;-2;124;-25;1;0
434.764;964;4.8200;815439;180.783;-2;125;-24;1;0
434.864;965;4.8250;814741;180.628;-2;124;-24;1;0
434.964;966;4.8300;814478;180.570;-2;125;-26;1;0
435.064;966;4.8300;815784;180.859;-2;125;-25;1;0
435.164;967;4.8350;817672;181.278;-2;125;-25;1;0
435.264;968;4.8400;819210;181.619;-2;125;-25;1;0
435.364;968;4.8400;817652;181.273;-2;124;-25;1;0
435.464;969;4.8450;815610;180.821;-1;124;-25;1;0
435.564;970;4.8500;816756;181.075;-2;124;-24;1;0
435.664;970;4.8500;817018;181.133;-2;124;-25;1;0
435.764;971;4.8550;817415;181.221;-1;124;-26;1;0
435.864;972;4.8600;816170;180.945;0;124;-26;1;0
435.964;972;4.8600;817138;181.159;-1;125;-25;1;0
436.064;973;4.8650;815921;180.890;-2;125;-26;1;0
436.164;974;4.8700;815188;180.727;-1;125;-26;1;0
436.264;974;4.8700;816481;181.014;-2;124;-25;1;0
436.364;975;4.8750;817384;181.214;-2;125;-26;1;0
436.464;976;4.8800;815912;180.888;-2;124;-24;1;0
436.564;976;4.8800;815973;180.901;-1;125;-24;1;0
436.664;977;4.8850;815205;180.731;-2;125;-25;1;0
436.764;978;4.8900;815551;180.808;-1;124;-25;1;0
436.864;978;4.8900;816265;180.966;-2;125;-26;1;0
436.964;979;4.8950;816327;180.980;-2;125;-26;1;0
437.064;980;4.9000;816775;181.079;-1;125;-26;1;0
437.164;980;4.9000;817114;181.154;-2;125;-25;1;0
437.264;981;4.9050;816431;181.003;-2;125;-26;1;0
437.364;982;4.9100;816863;181.099;-2;125;-25;1;0
437.464;982;4.9100;817317;181.199;-2;124;-25;1;0
437.564;983;4.9150;818088;181.370;-1;125;-26;1;0
437.664;984;4.9200;817948;181.339;-2;125;-25;1;0
437.764;984;4.9200;817841;181.315;-1;124;-26;1;0
437.864;985;4.9250;818467;181.454;-2;124;-25;1;0
437.964;986;4.9300;816992;181.127;-1;125;-26;1;0
438.064;986;4.9300;817850;181.317;-2;125;-25;1;0
438.164;987;4.9350;818804;181.529;-2;124;-24;1;0
438.264;988;4.9400;817824;181.312;-3;125;-24;1;0
438.364;988;4.9400;816432;181.003;-1;124;-25;1;0
438.464;989;4.9450;816172;180.945;-2;124;-26;1;0
438.564;990;4.9500;815714;180.844;-1;125;-26;1;0
438.664;990;4.9500;816781;181.080;-1;124;-26;1;0
438.764;991;4.9550;819349;181.650;-2;125;-25;1;0
438.864;992;4.9600;818091;181.371;-2;124;-26;1;0
438.964;992;4.9600;817658;181.275;-2;124;-24;1;0
439.064;993;4.9650;817417;181.221;-1;124;-26;1;0
439.164;994;4.9700;815898;180.885;-2;125;-24;1;0
439.264;994;4.9700;817088;181.148;-2;124;-25;1;0
439.364;995;4.9750;817413;181.220;-1;124;-26;1;0
439.464;996;4.9800;817355;181.208;-2;124;-25;1;0
439.564;996;4.9800;815823;180.868;-1;125;-26;1;0
439.664;997;4.9850;815323;180.757;-1;124;-25;1;0
439.764;998;4.9900;817461;181.231;-1;125;-26;1;0
439.864;998;4.9900;817536;181.248;-1;125;-26;1;0
439.964;999;4.9950;816984;181.125;-1;124;-27;1;0
440.064;1000;5.0000;818051;181.362;-2;126;-25;1;0
440.164;1000;5.0000;818022;181.355;-2;124;-25;1;0
440.264;1001;5.0050;816187;180.949;-1;124;-25;1;0
440.364;1002;5.0100;816724;181.068;-2;125;-26;1;0
440.464;1002;5.0100;816284;180.970;-1;125;-25;1;0
440.564;1003;5.0150;817143;181.161;-1;124;-24;1;0
440.664;1004;5.0200;815078;180.703;-1;124;-25;1;0
440.764;1004;5.0200;813658;180.388;-2;124;-26;1;0
440.864;1005;5.0250;814604;180.598;-2;125;-24;1;0
440.964;1006;5.0300;815235;180.738;-3;125;-24;1;0
441.064;1006;5.0300;815773;180.857;-3;126;-25;1;0
441.164;1007;5.0350;815464;180.788;-3;125;-25;1;0
441.264;1008;5.0400;816345;180.984;-1;125;-25;1;0
441.364;1008;5.0400;815028;180.692;-1;125;-25;1;0
441.464;1009;5.0450;814883;180.660;-2;124;-26;1;0
441.564;1010;5.0500;813408;180.333;-2;125;-25;1;0
441.664;1010;5.0500;813570;180.368;-2;124;-25;1;0
441.764;1011;5.0550;814013;180.467;-2;125;-25;1;0
441.864;1012;5.0600;814141;180.495;-2;125;-25;1;0
441.964;1012;5.0600;813614;180.378;-2;124;-25;1;0
442.064;1013;5.0650;812900;180.220;-2;125;-26;1;0
442.164;1014;5.0700;813650;180.386;-1;125;-26;1;0
442.264;1014;5.0700;814217;180.512;-1;125;-25;1;0
442.364;1015;5.0750;816777;181.079;-2;124;-25;1;0
442.464;1016;5.0800;815970;180.901;-2;124;-25;1;0
442.564;1016;5.0800;814865;180.656;-2;125;-26;1;0
442.664;1017;5.0850;813590;180.373;-2;124;-26;1;0
442.764;1018;5.0900;812342;180.096;-3;125;-25;1;0
442.864;1018;5.0900;811735;179.962;-1;124;-25;1;0
442.964;1019;5.0950;812818;180.202;-1;124;-25;1;0
443.064;1020;5.1000;812410;180.111;-1;124;-25;1;0
443.164;1020;5.1000;812892;180.218;-1;125;-26;1;0
443.264;1021;5.1050;811604;179.933;-2;125;-25;1;0
443.364;1022;5.1100;811070;179.814;-2;124;-26;1;0
443.464;1022;5.1100;810515;179.691;-1;125;-25;1;0
443.564;1023;5.1150;810305;179.645;-3;125;-26;1;0
443.664;1024;5.1200;812578;180.149;-2;124;-24;1;0
443.764;1024;5.1200;812215;180.068;-1;126;-26;1;0
443.864;1025;5.1250;811808;179.978;-1;125;-25;1;0
443.964;1026;5.1300;811877;179.993;-1;124;-25;1;0
444.064;1026;5.1300;812196;180.064;-2;125;-26;1;0
444.164;1027;5.1350;811436;179.895;-2;124;-26;1;0
444.264;1028;5.1400;811360;179.879;-2;124;-26;1;0
444.364;1028;5.1400;811360;179.879;-1;125;-25;1;0
444.464;1029;5.1450;810953;179.788;-1;125;-25;1;0
444.564;1030;5.1500;810149;179.610;-1;125;-24;1;0
444.664;1030;5.1500;810969;179.792;-2;125;-25;1;0
444.764;1031;5.1550;814176;180.503;-2;125;-24;1;0
444.864;1032;5.1600;814009;180.466;-2;125;-24;1;0
444.964;1032;5.1600;812399;180.109;-1;124;-26;1;0
445.064;1033;5.1650;811248;179.854;-2;125;-26;1;0
445.164;1034;5.1700;810895;179.775;-2;125;-25;1;0
445.264;1034;5.1700;811037;179.807;0;125;-26;1;0
445.364;1035;5.1750;811844;179.986;-1;123;-26;1;0
445.464;1036;5.1800;811431;179.894;-2;125;-24;1;0
445.564;1036;5.1800;812360;180.100;-2;125;-25;1;0
445.664;1037;5.1850;811466;179.902;-2;124;-26;1;0
445.764;1038;5.1900;810535;179.696;-2;125;-24;1;0
445.864;1038;5.1900;810263;179.635;-2;125;-25;1;0
445.964;1039;5.1950;809993;179.575;-2;125;-25;1;0
446.064;1040;5.2000;812771;180.191;-1;124;-26;1;0
446.164;1040;5.2000;811126;179.827;-2;124;-25;1;0
446.264;1041;5.2050;812405;180.110;-1;124;-25;1;0
446.364;1042;5.2100;811080;179.816;-3;124;-25;1;0
446.464;1042;5.2100;809779;179.528;-1;124;-25;1;0
446.564;1043;5.2150;811047;179.809;-1;125;-26;1;0
446.664;1044;5.2200;810556;179.700;-2;124;-25;1;0
446.764;1044;5.2200;809865;179.547;-2;125;-24;1;0
446.864;1045;5.2250;810137;179.607;-2;125;-25;1;0
446.964;1046;5.2300;809343;179.431;-1;125;-25;1;0
447.064;1046;5.2300;809383;179.440;-2;124;-24;1;0
447.164;1047;5.2350;810067;179.592;-2;124;-25;1;0
447.264;1048;5.2400;811074;179.815;-2;125;-25;1;0
447.364;1048;5.2400;811131;179.828;-2;124;-25;1;0
447.464;1049;5.2450;808872;179.327;-2;124;-26;1;0
447.564;1050;5.2500;808865;179.325;-2;124;-25;1;0
447.664;1050;5.2500;808446;179.232;-2;124;-25;1;0
447.764;1051;5.2550;808331;179.207;-1;124;-26;1;0
447.864;1052;5.2600;807297;178.978;-2;125;-26;1;0
447.964;1052;5.2600;807722;179.072;-1;125;-25;1;0
448.064;1053;5.2650;806129;178.719;-1;125;-26;1;0
448.164;1054;5.2700;806527;178.807;-2;125;-25;1;0
448.264;1054;5.2700;807408;179.002;-2;124;-25;1;0
448.364;1055;5.2750;807270;178.972;-1;124;-25;1;0
448.464;1056;5.2800;808845;179.321;-2;125;-26;1;0
448.564;1056;5.2800;806487;178.798;-2;125;-26;1;0
448.664;1057;5.2850;805930;178.675;-2;124;-26;1;0
448.764;1058;5.2900;805509;178.581;-1;123;-26;1;0
448.864;1058;5.2900;805136;178.499;-1;125;-26;1;0
448.964;1059;5.2950;804945;178.456;-1;125;-26;1;0
449.064;1060;5.3000;806577;178.818;-2;124;-25;1;0
449.164;1060;5.3000;806558;178.814;-2;125;-25;1;0
449.264;1061;5.3050;804421;178.340;-2;124;-26;1;0
449.364;1062;5.3100;802329;177.876;-1;125;-25;1;0
449.464;1062;5.3100;803139;178.056;-1;125;-26;1;0
449.564;1063;5.3150;804494;178.356;-2;124;-25;1;0
449.664;1064;5.3200;804597;178.379;-1;125;-25;1;0
449.764;1064;5.3200;804674;178.396;-1;124;-26;1;0
449.864;1065;5.3250;803758;178.193;-1;124;-25;1;0
449.964;1066;5.3300;802934;178.010;-1;124;-24;1;0
450.064;1066;5.3300;803338;178.100;-1;124;-25;1;0
450.164;1067;5.3350;803976;178.241;-2;126;-25;1;0
450.264;1068;5.3400;802695;177.957;-1;125;-25;1;0
450.364;1068;5.3400;801524;177.698;-1;124;-26;1;0
450.464;1069;5.3450;801550;177.704;-1;125;-25;1;0
450.564;1070;5.3500;801303;177.649;-2;125;-26;1;0
450.664;1070;5.3500;800938;177.568;-2;125;-25;1;0
450.764;1071;5.3550;800625;177.499;-2;124;-25;1;0
450.864;1072;5.3600;801136;177.612;-1;124;-26;1;0
450.964;1072;5.3600;800513;177.474;-2;125;-26;1;0
451.064;1073;5.3650;798209;176.963;-2;125;-25;1;0
451.164;1074;5.3700;797739;176.859;-2;125;-25;1;0
451.264;1074;5.3700;799700;177.293;-1;124;-26;1;0
451.364;1075;5.3750;798046;176.927;-1;125;-26;1;0
451.464;1076;5.3800;798749;177.083;-1;124;-25;1;0
451.564;1076;5.3800;797941;176.904;-2;124;-25;1;0
451.664;1077;5.3850;796061;176.487;-2;125;-26;1;0
451.764;1078;5.3900;795901;176.451;-2;124;-25;1;0
451.864;1078;5.3900;796961;176.686;-1;124;-25;1;0
451.964;1079;5.3950;796167;176.510;-1;125;-26;1;0
452.064;1080;5.4000;796341;176.549;-2;125;-25;1;0
452.164;1080;5.4000;796714;176.631;-2;124;-25;1;0
452.264;1081;5.4050;795848;176.440;-1;125;-26;1;0
452.364;1082;5.4100;795116;176.277;-2;124;-26;1;0
452.464;1082;5.4100;794805;176.208;-1;125;-25;1;0
452.564;1083;5.4150;796292;176.538;-2;125;-26;1;0
452.664;1084;5.4200;796043;176.483;-2;124;-25;1;0
452.764;1084;5.4200;795261;176.309;-1;124;-26;1;0
452.864;1085;5.4250;793674;175.958;-2;124;-26;1;0
452.964;1086;5.4300;794515;176.144;-2;125;-25;1;0
453.064;1086;5.4300;795592;176.383;-2;125;-26;1;0
453.164;1087;5.4350;795115;176.277;-1;124;-26;1;0
453.264;1088;5.4400;795648;176.395;-2;124;-24;1;0
453.364;1088;5.4400;796045;176.483;-1;124;-26;1;0
453.464;1089;5.4450;796459;176.575;-1;125;-26;1;0
453.564;1090;5.4500;796108;176.497;-1;124;-26;1;0
453.664;1090;5.4500;796430;176.569;-1;125;-25;1;0
453.764;1091;5.4550;797529;176.812;-1;125;-26;1;0
453.864;1092;5.4600;797633;176.835;-2;125;-25;1;0
453.964;1092;5.4600;797218;176.743;-1;125;-24;1;0
454.064;1093;5.4650;797321;176.766;-2;125;-26;1;0
454.164;1094;5.4700;796397;176.561;-2;124;-25;1;0
454.264;1094;5.4700;797865;176.887;-1;125;-25;1;0
454.364;1095;5.4750;797868;176.887;-2;125;-26;1;0
454.464;1096;5.4800;797085;176.714;-2;124;-26;1;0
454.564;1096;5.4800;797213;176.742;-2;125;-26;1;0
454.664;1097;5.4850;795991;176.471;-1;124;-26;1;0
454.764;1098;5.4900;794348;176.107;-2;125;-24;1;0
454.864;1098;5.4900;796944;176.682;-1;125;-25;1;0
454.964;1099;5.4950;797875;176.889;-2;125;-25;1;0
455.064;1100;5.5000;797109;176.719;-2;124;-26;1;0
455.164;1100;5.5000;796182;176.514;-2;125;-25;1;0
455.264;1101;5.5050;795503;176.363;-2;124;-26;1;0
455.364;1102;5.5100;794402;176.119;-1;124;-26;1;0
455.464;1102;5.5100;794673;176.179;-2;125;-26;1;0
455.564;1103;5.5150;795254;176.308;-2;124;-26;1;0
455.664;1104;5.5200;796521;176.589;-2;125;-25;1;0
455.764;1104;5.5200;796186;176.514;-1;124;-26;1;0
455.864;1105;5.5250;793809;175.987;-2;126;-27;1;0
455.964;1106;5.5300;792307;175.654;-2;125;-26;1;0
456.064;1106;5.5300;793026;175.814;-2;125;-26;1;0
456.164;1107;5.5350;793881;176.003;-1;124;-25;1;0
456.264;1108;5.5400;794674;176.179;-2;125;-27;1;0
456.364;1108;5.5400;794125;176.058;-1;125;-24;1;0
456.464;1109;5.5450;791640;175.507;-2;125;-25;1;0
456.564;1110;5.5500;791235;175.417;-2;124;-24;1;0
456.664;1110;5.5500;792454;175.687;-2;125;-24;1;0
456.764;1111;5.5550;794154;176.064;-1;124;-27;1;0
456.864;1112;5.5600;794226;176.080;-2;125;-26;1;0
456.964;1112;5.5600;793757;175.976;-1;125;-26;1;0
457.064;1113;5.5650;793067;175.823;-2;125;-25;1;0
457.164;1114;5.5700;791109;175.389;-1;124;-26;1;0
457.264;1114;5.5700;790629;175.282;-1;125;-26;1;0
457.364;1115;5.5750;790979;175.360;-1;125;-26;1;0
457.464;1116;5.5800;791054;175.377;-1;124;-26;1;0
457.564;1116;5.5800;789701;175.077;-2;125;-26;1;0
457.664;1117;5.5850;788573;174.827;-1;125;-25;1;0
457.764;1118;5.5900;787296;174.544;-2;124;-25;1;0
457.864;1118;5.5900;787845;174.665;-1;125;-26;1;0
457.964;1119;5.5950;787608;174.613;-2;125;-26;1;0
458.064;1120;5.6000;789042;174.931;-1;124;-26;1;0
458.164;1120;5.6000;787464;174.581;-1;125;-26;1;0
458.264;1121;5.6050;785643;174.177;-2;125;-25;1;0
458.364;1122;5.6100;784484;173.920;-2;125;-25;1;0
458.464;1122;5.6100;784637;173.954;-2;125;-24;1;0
458.564;1123;5.6150;784032;173.820;-1;125;-26;1;0
458.664;1124;5.6200;783976;173.807;-1;125;-25;1;0
458.764;1124;5.6200;782577;173.497;-1;124;-27;1;0
458.864;1125;5.6250;778525;172.599;-1;124;-25;1;0
458.964;1126;5.6300;777616;172.397;-1;124;-25;1;0
459.064;1126;5.6300;778045;172.493;-2;124;-26;1;0
459.164;1127;5.6350;778456;172.584;-2;124;-25;1;0
459.264;1128;5.6400;777012;172.264;-1;125;-26;1;0
459.364;1128;5.6400;777554;172.384;-1;124;-26;1;0
459.464;1129;5.6450;776077;172.056;-1;124;-26;1;0
459.564;1130;5.6500;773696;171.528;-2;125;-25;1;0
459.664;1130;5.6500;771305;170.998;-2;125;-26;1;0
459.764;1131;5.6550;769401;170.576;-2;125;-25;1;0
459.864;1132;5.6600;768010;170.268;-1;126;-26;1;0
459.964;1132;5.6600;766989;170.041;-1;125;-26;1;0
460.064;1133;5.6650;764765;169.548;-1;125;-25;1;0
460.164;1134;5.6700;763281;169.219;-1;124;-27;1;0
460.264;1134;5.6700;764469;169.483;-2;125;-25;1;0
460.364;1135;5.6750;762496;169.045;-2;124;-25;1;0
460.464;1136;5.6800;760203;168.537;-1;125;-25;1;0
460.564;1136;5.6800;758595;168.181;-2;124;-26;1;0
460.664;1137;5.6850;756618;167.742;-1;124;-25;1;0
460.764;1138;5.6900;754560;167.286;-1;124;-26;1;0
460.864;1138;5.6900;753036;166.948;-1;125;-26;1;0
460.964;1139;5.6950;753416;167.032;-2;124;-26;1;0
461.064;1140;5.7000;752712;166.876;-1;124;-26;1;0
461.164;1140;5.7000;748887;166.028;-1;124;-25;1;0
461.264;1141;5.7050;745350;165.244;-1;125;-25;1;0
461.364;1142;5.7100;743995;164.944;-2;125;-24;1;0
461.464;1142;5.7100;744383;165.030;-1;124;-25;1;0
461.564;1143;5.7150;744012;164.947;-1;124;-25;1;0
461.664;1144;5.7200;741308;164.348;-2;125;-26;1;0
461.764;1144;5.7200;739549;163.958;-1;124;-27;1;0
461.864;1145;5.7250;736985;163.390;-1;125;-26;1;0
461.964;1146;5.7300;735096;162.971;-1;124;-26;1;0
462.064;1146;5.7300;732952;162.495;-1;125;-26;1;0
462.164;1147;5.7350;731810;162.242;-2;125;-25;1;0
462.264;1148;5.7400;730026;161.847;-2;125;-25;1;0
462.364;1148;5.7400;728220;161.446;-2;124;-26;1;0
462.464;1149;5.7450;725303;160.800;-2;124;-25;1;0
462.564;1150;5.7500;723246;160.344;-2;125;-24;1;0
462.664;1150;5.7500;723296;160.355;-2;124;-25;1;0
462.764;1151;5.7550;722067;160.082;-1;124;-25;1;0
462.864;1152;5.7600;721618;159.983;-2;125;-26;1;0
462.964;1152;5.7600;720401;159.713;-2;124;-26;1;0
463.064;1153;5.7650;718942;159.389;-2;125;-28;1;0
463.164;1154;5.7700;717086;158.978;-2;125;-25;1;0
463.264;1154;5.7700;716462;158.840;-2;125;-26;1;0
463.364;1155;5.7750;715600;158.649;-1;125;-26;1;0
463.464;1156;5.7800;715680;158.666;-1;124;-26;1;0
463.564;1156;5.7800;714058;158.307;-1;124;-27;1;0
463.664;1157;5.7850;711701;157.784;-1;124;-25;1;0
463.764;1158;5.7900;709460;157.287;-2;125;-26;1;0
463.864;1158;5.7900;708563;157.088;-2;125;-25;1;0
463.964;1159;5.7950;709168;157.223;-2;124;-26;1;0
464.064;1160;5.8000;708212;157.011;-2;125;-25;1;0
464.164;1160;5.8000;706491;156.629;-2;124;-26;1;0
464.264;1161;5.8050;704527;156.194;-2;125;-25;1;0
464.364;1162;5.8100;702306;155.701;-1;125;-26;1;0
464.464;1162;5.8100;700310;155.259;-2;125;-26;1;0
464.564;1163;5.8150;697620;154.662;-2;125;-25;1;0
464.664;1164;5.8200;695374;154.164;0;124;-27;1;0
464.764;1164;5.8200;692239;153.469;-1;124;-25;1;0
464.864;1165;5.8250;687975;152.524;-2;124;-26;1;0
464.964;1166;5.8300;685941;152.073;-2;124;-25;1;0
465.064;1166;5.8300;685048;151.875;-2;125;-26;1;0
465.164;1167;5.8350;683292;151.486;-1;124;-26;1;0
465.264;1168;5.8400;681170;151.015;-1;125;-26;1;0
465.364;1168;5.8400;678227;150.363;-2;124;-26;1;0
465.464;1169;5.8450;675012;149.650;-2;124;-26;1;0
465.564;1170;5.8500;672546;149.103;0;125;-27;1;0
465.664;1170;5.8500;670715;148.698;-2;125;-27;1;0
465.764;1171;5.8550;668513;148.209;-2;125;-26;1;0
465.864;1172;5.8600;664614;147.345;-1;124;-26;1;0
465.964;1172;5.8600;661856;146.733;-2;125;-26;1;0
466.064;1173;5.8650;658936;146.086;-3;124;-25;1;0
466.164;1174;5.8700;654111;145.016;-1;124;-24;1;0
466.264;1174;5.8700;652932;144.755;-2;125;-26;1;0
466.364;1175;5.8750;651084;144.345;-2;125;-26;1;0
466.464;1176;5.8800;648518;143.776;-1;124;-26;1;0
466.564;1176;5.8800;646048;143.229;-2;124;-26;1;0
466.664;1177;5.8850;642169;142.369;-2;125;-26;1;0
466.764;1178;5.8900;638885;141.641;-2;125;-26;1;0
466.864;1178;5.8900;636134;141.031;-1;125;-26;1;0
466.964;1179;5.8950;630194;139.714;-1;125;-25;1;0
467.064;1180;5.9000;627932;139.213;-2;125;-25;1;0
467.164;1180;5.9000;625348;138.640;-1;124;-25;1;0
467.264;1181;5.9050;622400;137.986;-2;123;-25;1;0
467.364;1182;5.9100;619375;137.315;-2;124;-26;1;0
467.464;1182;5.9100;617935;136.996;-2;125;-25;1;0
467.564;1183;5.9150;615824;136.528;-2;125;-25;1;0
467.664;1184;5.9200;612667;135.828;-1;124;-25;1;0
467.764;1184;5.9200;605835;134.314;-1;126;-27;1;0
467.864;1185;5.9250;603186;133.726;-1;124;-26;1;0
467.964;1186;5.9300;599972;133.014;-1;125;-25;1;0
468.064;1186;5.9300;596732;132.295;-1;124;-25;1;0
468.164;1187;5.9350;595252;131.967;-2;125;-25;1;0
468.264;1188;5.9400;592545;131.367;-1;125;-26;1;0
468.364;1188;5.9400;589126;130.609;-2;125;-26;1;0
468.464;1189;5.9450;586606;130.051;-1;125;-26;1;0
468.564;1190;5.9500;582827;129.213;-2;124;-26;1;0
468.664;1190;5.9500;580425;128.680;-2;125;-26;1;0
468.764;1191;5.9550;579266;128.423;-1;124;-26;1;0
468.864;1192;5.9600;576835;127.884;-3;124;-24;1;0
468.964;1192;5.9600;574350;127.333;-1;125;-25;1;0
469.064;1193;5.9650;570670;126.518;-2;125;-25;1;0
469.164;1194;5.9700;567600;125.837;-2;125;-26;1;0
469.264;1194;5.9700;566206;125.528;-1;124;-25;1;0
469.364;1195;5.9750;561520;124.489;-2;124;-26;1;0
469.464;1196;5.9800;559877;124.125;-2;124;-25;1;0
469.564;1196;5.9800;558192;123.751;-1;124;-26;1;0
469.664;1197;5.9850;554954;123.033;-2;125;-26;1;0
469.764;1198;5.9900;551987;122.376;-2;125;-24;1;0
469.864;1198;5.9900;550048;121.946;-2;124;-26;1;0
469.964;1199;5.9950;548228;121.542;-2;124;-25;1;0
470.064;1200;6.0000;548046;121.502;-2;124;-27;1;0
470.164;1200;6.0000;543337;120.458;-2;124;-26;1;0
470.264;1201;6.0050;540466;119.821;-1;124;-26;1;0
470.364;1202;6.0100;537229;119.104;-1;125;-27;1;0
470.464;1202;6.0100;536730;118.993;-2;124;-25;1;0
470.564;1203;6.0150;536147;118.864;-1;125;-26;1;0
470.664;1204;6.0200;535769;118.780;-1;125;-26;1;0
470.764;1204;6.0200;533096;118.187;-3;125;-25;1;0
470.864;1205;6.0250;531424;117.817;-1;124;-25;1;0
470.964;1206;6.0300;529731;117.441;-1;124;-27;1;0
471.064;1206;6.0300;529412;117.371;-1;125;-26;1;0
471.164;1207;6.0350;528179;117.097;-2;125;-26;1;0
471.264;1208;6.0400;526783;116.788;-1;125;-26;1;0
471.364;1208;6.0400;524252;116.227;-1;124;-26;1;0
471.464;1209;6.0450;522966;115.942;-1;124;-25;1;0
471.564;1210;6.0500;521472;115.610;-2;125;-25;1;0
471.664;1210;6.0500;520779;115.457;-2;125;-25;1;0
471.764;1211;6.0550;518201;114.885;-2;124;-26;1;0
471.864;1212;6.0600;515997;114.397;-2;124;-26;1;0
471.964;1212;6.0600;516367;114.479;-1;125;-26;1;0
472.064;1213;6.0650;515016;114.179;-2;125;-25;1;0
472.164;1214;6.0700;513413;113.824;-1;124;-26;1;0
472.264;1214;6.0700;512880;113.705;-1;124;-25;1;0
472.364;1215;6.0750;512129;113.539;-1;125;-25;1;0
472.464;1216;6.0800;512804;113.689;-2;124;-24;1;0
472.564;1216;6.0800;510806;113.246;-2;125;-25;1;0
472.664;1217;6.0850;508196;112.667;-2;124;-27;1;0
472.764;1218;6.0900;507869;112.595;-1;124;-26;1;0
472.864;1218;6.0900;507733;112.564;-2;125;-26;1;0
472.964;1219;6.0950;507247;112.457;-2;125;-26;1;0
473.064;1220;6.1000;507117;112.428;-1;124;-26;1;0
473.164;1220;6.1000;506121;112.207;-1;124;-26;1;0
473.264;1221;6.1050;503940;111.723;-1;124;-26;1;0
473.364;1222;6.1100;503148;111.548;-2;124;-25;1;0
473.464;1222;6.1100;503328;111.588;-1;125;-26;1;0
473.564;1223;6.1150;503077;111.532;-1;124;-25;1;0
473.664;1224;6.1200;501073;111.088;-2;125;-24;1;0
473.764;1224;6.1200;499556;110.752;-2;124;-26;1;0
473.864;1225;6.1250;498195;110.450;-1;124;-26;1;0
473.964;1226;6.1300;497353;110.263;-2;125;-25;1;0
474.064;1226;6.1300;496493;110.072;-1;125;-26;1;0
474.164;1227;6.1350;491817;109.036;-1;124;-24;1;0
474.264;1228;6.1400;490345;108.709;-1;124;-26;1;0
474.364;1228;6.1400;488666;108.337;-1;125;-26;1;0
474.464;1229;6.1450;487678;108.118;-2;124;-26;1;0
474.564;1230;6.1500;486510;107.859;-1;125;-27;1;0
474.664;1230;6.1500;483976;107.297;-2;125;-26;1;0
474.764;1231;6.1550;483380;107.165;-2;125;-25;1;0
474.864;1232;6.1600;481099;106.660;-1;124;-26;1;0
474.964;1232;6.1600;475630;105.447;-1;125;-26;1;0
475.064;1233;6.1650;473389;104.950;-1;124;-26;1;0
475.164;1234;6.1700;468370;103.838;-2;124;-27;1;0
475.264;1234;6.1700;463305;102.715;-2;125;-26;1;0
475.364;1235;6.1750;457320;101.388;0;123;-26;1;0
475.464;1236;6.1800;416312;92.296;-1;125;-25;1;0
475.564;1236;6.1800;183097;40.593;-1;125;-25;1;0
475.664;1237;6.1850;12741;2.825;-1;125;-26;1;0
475.764;1238;6.1900;3617;0.802;-2;124;-26;1;0
475.864;1238;6.1900;4350;0.964;-2;124;-26;1;0
475.964;1239;6.1950;1488;0.330;-1;124;-25;1;0
476.064;1240;6.2000;985;0.218;-1;125;-26;1;0
476.164;1240;6.2000;3027;0.671;-1;125;-25;1;0
476.264;1241;6.2050;3073;0.681;-2;124;-26;1;0
476.364;1242;6.2100;2660;0.590;-2;125;-26;1;0
476.464;1242;6.2100;2713;0.601;-1;125;-26;1;0
476.564;1243;6.2150;3749;0.831;-2;125;-26;1;0
476.664;1244;6.2200;3449;0.765;-2;125;-26;1;0
476.764;1244;6.2200;3215;0.713;-1;125;-25;1;0
476.864;1245;6.2250;2708;0.600;-1;124;-25;1;0
476.964;1246;6.2300;1807;0.401;-2;125;-24;1;0
477.064;1246;6.2300;1497;0.332;-3;124;-26;1;0
477.164;1247;6.2350;2993;0.664;-1;124;-24;1;0
477.264;1248;6.2400;4472;0.991;-2;125;-24;1;0
477.364;1248;6.2400;1902;0.422;-2;125;-26;1;0
477.464;1249;6.2450;1637;0.363;-1;125;-25;1;0
477.564;1250;6.2500;2497;0.554;-2;125;-26;1;0
477.664;1250;6.2500;1379;0.306;-2;125;-26;1;0
477.764;1251;6.2550;1507;0.334;-1;124;-25;1;0
477.864;1252;6.2600;1970;0.437;-1;125;-26;1;0
477.964;1252;6.2600;2373;0.526;-2;125;-25;1;0
478.064;1253;6.2650;3525;0.781;-2;125;-26;1;0
478.164;1254;6.2700;2208;0.490;-2;124;-25;1;0
478.264;1254;6.2700;1455;0.323;-2;125;-25;1;0
478.364;1255;6.2750;2603;0.577;-2;124;-27;1;0
478.464;1256;6.2800;2423;0.537;-2;125;-25;1;0
478.564;1256;6.2800;2539;0.563;-2;124;-26;1;0
478.664;1257;6.2850;2922;0.648;-2;125;-26;1;0
478.764;1258;6.2900;2121;0.470;-1;124;-26;1;0
478.864;1258;6.2900;1738;0.385;-2;125;-26;1;0
478.964;1259;6.2950;1674;0.371;-1;125;-26;1;0
479.064;1260;6.3000;2635;0.584;-1;125;-25;1;0
479.164;1260;6.3000;3896;0.864;-1;125;-27;1;0
479.264;1261;6.3050;2873;0.637;-1;124;-25;1;0
479.364;1262;6.3100;1690;0.375;-1;125;-24;1;0
479.464;1262;6.3100;1123;0.249;-1;124;-26;1;0
479.564;1263;6.3150;1323;0.293;-1;124;-25;1;0
479.664;1264;6.3200;1615;0.358;-1;125;-26;1;0
479.764;1264;6.3200;2455;0.544;-1;125;-26;1;0
479.864;1265;6.3250;1895;0.420;-2;124;-25;1;0
479.964;1266;6.3300;1621;0.359;-2;124;-25;1;0
480.064;1266;6.3300;1706;0.378;-1;125;-25;1;0
480.164;1267;6.3350;1109;0.246;-2;125;-26;1;0
480.264;1268;6.3400;792;0.176;-1;125;-26;1;0
480.364;1268;6.3400;1117;0.248;-1;124;-26;1;0
480.464;1269;6.3450;530;0.118;-1;124;-26;1;0
480.564;1270;6.3500;437;0.097;-1;124;-26;1;0
480.664;1270;6.3500;813;0.180;-1;124;-25;1;0
480.764;1271;6.3550;1118;0.248;-1;124;-26;1;0
480.864;1272;6.3600;-23;-0.005;-1;125;-26;1;0
480.964;1272;6.3600;-217;-0.048;-1;124;-26;1;0
481.064;1273;6.3650;685;0.152;-3;125;-26;1;0
481.164;1274;6.3700;923;0.205;-1;125;-26;1;0
481.264;1274;6.3700;1027;0.228;-2;124;-25;1;0
481.364;1275;6.3750;1814;0.402;-2;124;-27;1;0
481.464;1276;6.3800;750;0.166;-1;125;-26;1;0
481.564;1276;6.3800;361;0.080;-2;125;-26;1;0
481.664;1277;6.3850;1044;0.231;-1;124;-25;1;0
481.764;1278;6.3900;859;0.190;-2;124;-26;1;0
481.864;1278;6.3900;660;0.146;-1;124;-26;1;0
481.964;1279;6.3950;720;0.160;-2;124;-26;1;0
482.064;1280;6.4000;532;0.118;-1;125;-25;1;0
482.164;1280;6.4000;547;0.121;-1;125;-26;1;0
482.264;1281;6.4050;788;0.175;-2;125;-25;1;0
482.364;1282;6.4100;1826;0.405;-1;125;-25;1;0
482.464;1282;6.4100;1604;0.356;-1;125;-26;1;0
482.564;1283;6.4150;-747;-0.166;-2;124;-26;1;0
482.664;1284;6.4200;-910;-0.202;-2;125;-26;1;0
482.764;1284;6.4200;-227;-0.050;-1;124;-25;1;0
482.864;1285;6.4250;41;0.009;-2;124;-26;1;0
482.964;1286;6.4300;-277;-0.061;-1;125;-27;1;0
483.064;1286;6.4300;-1606;-0.356;-2;124;-26;1;0
483.164;1287;6.4350;-696;-0.154;-1;124;-26;1;0
483.264;1288;6.4400;-67;-0.015;-2;125;-25;1;0
483.364;1288;6.4400;113;0.025;-1;124;-25;1;0
